Protocollo;Gruppo;DataOraIncidente;Localizzazione1;STRADA1;Localizzazione2;STRADA2;Strada02;Chilometrica;DaSpecificare;NaturaIncidente;particolaritastrade;TipoStrada;FondoStradale;Pavimentazione;Segnaletica;CondizioneAtmosferica;Traffico;Visibilita;Illuminazione;NUM_FERITI;NUM_RISERVATA;NUM_MORTI;NUM_ILLESI;Longitudine;Latitudine;Confermato;Progressivo;TipoVeicolo;StatoVeicolo;TipoPersona;Sesso;Tipolesione;Deceduto;DecedutoDopo;CinturaCascoUtilizzato;Airbag
2680451;8;03/02/2016 10:50;Strada Urbana;VIA DI ROCCA CENCIA;all'intersezione con;VIA POLENSE;VIA POLENSE;;;Scontro laterale fra veicoli in marcia;Intersezione stradale segnalata;Una carreggiata a doppio senso;Asciutto;Asfaltata;Verticale ed orizzontale;Nuvoloso;Normale;Buona;Ore Diurne;1;0;0;4;12,69504;41,89001;-1;1;Autovettura privata;In marcia / fermata / arresto;Passeggero;F;Rimandato;0;NON DECEDUTO;;
2680451;8;03/02/2016 10:50;Strada Urbana;VIA DI ROCCA CENCIA;all'intersezione con;VIA POLENSE;VIA POLENSE;;;Scontro laterale fra veicoli in marcia;Intersezione stradale segnalata;Una carreggiata a doppio senso;Asciutto;Asfaltata;Verticale ed orizzontale;Nuvoloso;Normale;Buona;Ore Diurne;1;0;0;4;12,69504;41,89001;-1;2;Autovettura privata;In marcia / fermata / arresto;Conducente;M;Illeso;0;;Non accertato;Inesploso
2680459;8;03/02/2016 14:25;Strada Urbana;VIA PRENESTINA;in prossimità;;del palo luce n.;643;;Veicolo in marcia contro veicolo fermo;Rettilineo;Una carreggiata a doppio senso;Asciutto;Asfaltata;Orizzontale;Nuvoloso;Normale;Buona;Ore Diurne;0;0;0;2;12,6069;41,89378;-1;1;Autovettura privata;In marcia / fermata / arresto;Conducente;M;Illeso;0;;Non accertato;Inesploso
2680459;8;03/02/2016 14:25;Strada Urbana;VIA PRENESTINA;in prossimità;;del palo luce n.;643;;Veicolo in marcia contro veicolo fermo;Rettilineo;Una carreggiata a doppio senso;Asciutto;Asfaltata;Orizzontale;Nuvoloso;Normale;Buona;Ore Diurne;0;0;0;2;12,6069;41,89378;-1;2;Autocarro inferiore 35 q.;In marcia / fermata / arresto;Conducente;M;Illeso;0;;Non accertato;Inesploso
2680462;18;04/02/2016 06:45;Statale entro l'abitato;VIA AURELIA;in prossimità;;del civico n.;674;;Scontro frontale/laterale SX fra veicoli in marcia;Rettilineo;Una carreggiata a doppio senso;Asciutto;Asfaltata;Verticale ed orizzontale;Sereno;Normale;Buona;Ore Diurne;0;1;0;1;12,41574;41,8939;-1;1;Autovettura privata;In marcia / fermata / arresto;Conducente;M;Illeso;0;;Non accertato;Inesploso
2680462;18;04/02/2016 06:45;Statale entro l'abitato;VIA AURELIA;in prossimità;;del civico n.;674;;Scontro frontale/laterale SX fra veicoli in marcia;Rettilineo;Una carreggiata a doppio senso;Asciutto;Asfaltata;Verticale ed orizzontale;Sereno;Normale;Buona;Ore Diurne;0;1;0;1;12,41574;41,8939;-1;2;Motociclo a solo;In marcia / fermata / arresto;Conducente;M;Prognosi riservata;0;NON DECEDUTO;Non accertato;
2680463;8;03/02/2016 17:10;Strada Urbana;VIA DI TORRENOVA;in prossimità;;del civico n.;244;;Investimento di pedone;Rettilineo;Una carreggiata a doppio senso;Asciutto;Asfaltata;Verticale ed orizzontale;Nuvoloso;Normale;Buona;Ore Diurne;1;0;0;1;12,61758;41,88036;-1;;;;Pedone;F;Ricoverato;0;NON DECEDUTO;;
2680463;8;03/02/2016 17:10;Strada Urbana;VIA DI TORRENOVA;in prossimità;;del civico n.;244;;Investimento di pedone;Rettilineo;Una carreggiata a doppio senso;Asciutto;Asfaltata;Verticale ed orizzontale;Nuvoloso;Normale;Buona;Ore Diurne;1;0;0;1;12,61758;41,88036;-1;1;Autovettura privata;In marcia / fermata / arresto;Conducente;F;Illeso;0;;Non accertato;Inesploso
2680465;8;03/02/2016 12:40;Strada Urbana;VIA CASARANO;da specificare;;;;100 MT PRIMA DI VIA SERRACAPRIOLA;Scontro laterale fra veicoli in marcia;Rettilineo;Una carreggiata a doppio senso;Asciutto;Asfaltata;Verticale ed orizzontale;Nuvoloso;Normale;Buona;Ore Diurne;1;0;0;1;12,61273;41,88606;-1;1;Motociclo a solo;In marcia / fermata / arresto;Conducente;M;Rifiuta cure immediate;0;NON DECEDUTO;Non accertato;
2680465;8;03/02/2016 12:40;Strada Urbana;VIA CASARANO;da specificare;;;;100 MT PRIMA DI VIA SERRACAPRIOLA;Scontro laterale fra veicoli in marcia;Rettilineo;Una carreggiata a doppio senso;Asciutto;Asfaltata;Verticale ed orizzontale;Nuvoloso;Normale;Buona;Ore Diurne;1;0;0;1;12,61273;41,88606;-1;2;Autovettura privata;In marcia / fermata / arresto;Conducente;M;Illeso;0;;Non accertato;Inesploso
2680481;19;03/02/2016 19:15;Strada Urbana;VIA BERNARDO DA BIBBIENA;all'intersezione con;VIA PIETRO BEMBO;VIA PIETRO BEMBO;;;Scontro frontale/laterale DX fra veicoli in marcia;Incrocio;Una carreggiata a senso unico di marcia;Asciutto;Asfaltata;Verticale ed orizzontale;Sereno;Normale;Buona;Sufficiente;0;0;0;3;12,41095;41,91666;-1;1;Autovettura privata;In marcia / fermata / arresto;Conducente;F;Illeso;0;;;
2680481;19;03/02/2016 19:15;Strada Urbana;VIA BERNARDO DA BIBBIENA;all'intersezione con;VIA PIETRO BEMBO;VIA PIETRO BEMBO;;;Scontro frontale/laterale DX fra veicoli in marcia;Incrocio;Una carreggiata a senso unico di marcia;Asciutto;Asfaltata;Verticale ed orizzontale;Sereno;Normale;Buona;Sufficiente;0;0;0;3;12,41095;41,91666;-1;2;Autovettura privata;In marcia / fermata / arresto;Conducente;M;Illeso;0;;;
2680481;19;03/02/2016 19:15;Strada Urbana;VIA BERNARDO DA BIBBIENA;all'intersezione con;VIA PIETRO BEMBO;VIA PIETRO BEMBO;;;Scontro frontale/laterale DX fra veicoli in marcia;Incrocio;Una carreggiata a senso unico di marcia;Asciutto;Asfaltata;Verticale ed orizzontale;Sereno;Normale;Buona;Sufficiente;0;0;0;3;12,41095;41,91666;-1;2;Autovettura privata;In marcia / fermata / arresto;Passeggero;F;Illeso;0;;Non accertato;Inesploso
2680487;1;04/02/2016 00:20;Strada Urbana;VIALE DI TRASTEVERE;all'intersezione semaforizzata con;VIA DI S. FRANCESCO A RIPA;VIA DI S. FRANCESCO A RIPA;;;Scontro laterale fra veicoli in marcia;Intersezione semaforizzata;Una carreggiata a doppio senso;Asciutto;Asfaltata;Verticale ed orizzontale;Sereno;Normale;Sufficiente;Sufficiente;0;0;0;4;12,46776;41,88147;-1;1;Autovettura privata;In marcia / fermata / arresto;Conducente;M;Illeso;0;;;
2680487;1;04/02/2016 00:20;Strada Urbana;VIALE DI TRASTEVERE;all'intersezione semaforizzata con;VIA DI S. FRANCESCO A RIPA;VIA DI S. FRANCESCO A RIPA;;;Scontro laterale fra veicoli in marcia;Intersezione semaforizzata;Una carreggiata a doppio senso;Asciutto;Asfaltata;Verticale ed orizzontale;Sereno;Normale;Sufficiente;Sufficiente;0;0;0;4;12,46776;41,88147;-1;1;Autovettura privata;In marcia / fermata / arresto;Passeggero;F;Illeso;0;;;
2680487;1;04/02/2016 00:20;Strada Urbana;VIALE DI TRASTEVERE;all'intersezione semaforizzata con;VIA DI S. FRANCESCO A RIPA;VIA DI S. FRANCESCO A RIPA;;;Scontro laterale fra veicoli in marcia;Intersezione semaforizzata;Una carreggiata a doppio senso;Asciutto;Asfaltata;Verticale ed orizzontale;Sereno;Normale;Sufficiente;Sufficiente;0;0;0;4;12,46776;41,88147;-1;1;Autovettura privata;In marcia / fermata / arresto;Passeggero;M;Illeso;0;;;
2680487;1;04/02/2016 00:20;Strada Urbana;VIALE DI TRASTEVERE;all'intersezione semaforizzata con;VIA DI S. FRANCESCO A RIPA;VIA DI S. FRANCESCO A RIPA;;;Scontro laterale fra veicoli in marcia;Intersezione semaforizzata;Una carreggiata a doppio senso;Asciutto;Asfaltata;Verticale ed orizzontale;Sereno;Normale;Sufficiente;Sufficiente;0;0;0;4;12,46776;41,88147;-1;2;Motociclo a solo;In marcia / fermata / arresto;Conducente;M;Illeso;0;;;
2680493;11;03/02/2016 06:45;Strada Urbana;VIA DEL SERAFICO;in prossimità;;del civico n.;64;;Veicolo in marcia contro veicolo in sosta;Rettilineo;Una carreggiata a doppio senso;Bagnato (pioggia);Asfaltata;Orizzontale;Nuvoloso;Normale;Buona;Sufficiente;0;0;0;1;12,48498;41,8298;-1;1;Autovettura privata;In marcia / fermata / arresto;Conducente;M;Illeso;0;;Non accertato;Inesploso
2680494;16;03/02/2016 08:00;Strada Urbana;VIA LUIGI ARATI;all'intersezione con;VIA VINCENZO TIZZANI;VIA VINCENZO TIZZANI;;;Scontro frontale/laterale SX fra veicoli in marcia;Incrocio;Due carreggiate;Bagnato (umidità in atto);Asfaltata;Verticale ed orizzontale;Nuvoloso;Normale;Sufficiente;Ore Diurne;0;0;0;3;12,44132;41,87255;-1;1;Autovettura privata;In marcia / fermata / arresto;Conducente;M;Illeso;0;;Non accertato;Inesploso
2680494;16;03/02/2016 08:00;Strada Urbana;VIA LUIGI ARATI;all'intersezione con;VIA VINCENZO TIZZANI;VIA VINCENZO TIZZANI;;;Scontro frontale/laterale SX fra veicoli in marcia;Incrocio;Due carreggiate;Bagnato (umidità in atto);Asfaltata;Verticale ed orizzontale;Nuvoloso;Normale;Sufficiente;Ore Diurne;0;0;0;3;12,44132;41,87255;-1;1;Autovettura privata;In marcia / fermata / arresto;Passeggero;F;Illeso;0;;Non accertato;Inesploso
2680494;16;03/02/2016 08:00;Strada Urbana;VIA LUIGI ARATI;all'intersezione con;VIA VINCENZO TIZZANI;VIA VINCENZO TIZZANI;;;Scontro frontale/laterale SX fra veicoli in marcia;Incrocio;Due carreggiate;Bagnato (umidità in atto);Asfaltata;Verticale ed orizzontale;Nuvoloso;Normale;Sufficiente;Ore Diurne;0;0;0;3;12,44132;41,87255;-1;2;Autovettura privata;In marcia / fermata / arresto;Conducente;M;Illeso;0;;Non accertato;Inesploso
2680496;13;03/02/2016 18:30;Strada Urbana;VIA OSTIENSE;da specificare;;;;direzione Roma altezza albero 9352;Investimento di pedone;Rettilineo;Una carreggiata a doppio senso;Asciutto;Asfaltata;Verticale ed orizzontale;Sereno;Normale;Buona;Sufficiente;0;1;0;1;12,45895;41,83686;-1;;;;Pedone;M;Prognosi riservata;0;NON DECEDUTO;;
2680496;13;03/02/2016 18:30;Strada Urbana;VIA OSTIENSE;da specificare;;;;direzione Roma altezza albero 9352;Investimento di pedone;Rettilineo;Una carreggiata a doppio senso;Asciutto;Asfaltata;Verticale ed orizzontale;Sereno;Normale;Buona;Sufficiente;0;1;0;1;12,45895;41,83686;-1;1;Autovettura privata;In marcia / fermata / arresto;Conducente;M;Illeso;0;;Non accertato;Inesploso
2680502;8;03/02/2016 14:20;Strada Urbana;VIA RAOUL CHIODELLI;in prossimità;;del civico n.;206;;Veicolo in marcia contro ostacolo accidentale;Rettilineo;Due carreggiate;Asciutto;Asfaltata;Verticale ed orizzontale;Nuvoloso;Normale;Buona;Ore Diurne;0;0;0;1;12,66254;41,90767;-1;1;Autovettura privata;In marcia / fermata / arresto;Conducente;F;Illeso;0;;Non accertato;Inesploso
2680505;8;03/02/2016 12:30;Strada Urbana;VIALE DI TORRE MAURA;in prossimità;;del civico n.;120;;Veicolo in marcia contro ostacolo accidentale;Rettilineo;Una carreggiata a senso unico di marcia;Asciutto;Con buche;Orizzontale;Nuvoloso;Normale;Buona;Ore Diurne;0;0;0;1;12,59172;41,86467;-1;1;Autovettura privata;In marcia / fermata / arresto;Conducente;F;Illeso;0;;Non accertato;Inesploso
2680514;8;03/02/2016 06:40;Strada Urbana;VIA DEL TORRACCIO DI TORRENOVA;da specificare;;;;In prossimità di VIA CARLO LASINIO;Veicolo in marcia contro ostacolo accidentale;Rettilineo;Una carreggiata a doppio senso;Asciutto;Asfaltata;Orizzontale;Nuvoloso;Normale;Sufficiente;Sufficiente;0;0;0;1;12,62574;41,86849;-1;1;Autovettura privata;In marcia / fermata / arresto;Conducente;M;Illeso;0;;Non accertato;Inesploso
2680516;11;03/02/2016 16:30;Strada Urbana;VIA GABRIELLO CHIABRERA;in prossimità;;del civico n.;112;;Scontro frontale fra veicoli in marcia;Rettilineo;Due carreggiate;Asciutto;Asfaltata;Orizzontale;Nuvoloso;Normale;Buona;Ore Diurne;0;0;0;4;12,47894;41,85375;-1;1;Autocarro inferiore 35 q.;In marcia / fermata / arresto;Conducente;M;Illeso;0;;;
2680516;11;03/02/2016 16:30;Strada Urbana;VIA GABRIELLO CHIABRERA;in prossimità;;del civico n.;112;;Scontro frontale fra veicoli in marcia;Rettilineo;Due carreggiate;Asciutto;Asfaltata;Orizzontale;Nuvoloso;Normale;Buona;Ore Diurne;0;0;0;4;12,47894;41,85375;-1;1;Autocarro inferiore 35 q.;In marcia / fermata / arresto;Passeggero;M;Illeso;0;;;
2680516;11;03/02/2016 16:30;Strada Urbana;VIA GABRIELLO CHIABRERA;in prossimità;;del civico n.;112;;Scontro frontale fra veicoli in marcia;Rettilineo;Due carreggiate;Asciutto;Asfaltata;Orizzontale;Nuvoloso;Normale;Buona;Ore Diurne;0;0;0;4;12,47894;41,85375;-1;2;Autovettura privata;In marcia / fermata / arresto;Conducente;M;Illeso;0;;;
2680516;11;03/02/2016 16:30;Strada Urbana;VIA GABRIELLO CHIABRERA;in prossimità;;del civico n.;112;;Scontro frontale fra veicoli in marcia;Rettilineo;Due carreggiate;Asciutto;Asfaltata;Orizzontale;Nuvoloso;Normale;Buona;Ore Diurne;0;0;0;4;12,47894;41,85375;-1;2;Autovettura privata;In marcia / fermata / arresto;Passeggero;M;Illeso;0;;Non accertato;
2680517;8;03/02/2016 09:00;Strada Urbana;VIA DEL TORRACCIO;in prossimità;;del civico n.;282;;Veicolo in marcia contro ostacolo accidentale;Rettilineo;Una carreggiata a doppio senso;Asciutto;Asfaltata;Orizzontale;Nuvoloso;Scarso;Buona;Ore Diurne;0;0;0;1;12,64865;41,8561;-1;1;Autovettura privata;In marcia / fermata / arresto;Conducente;F;Illeso;0;;Non accertato;Inesploso
2680518;20;03/02/2016 09:40;Strada Urbana;PIAZZA LAURO DE BOSIS;in corrispondenza;;del civico n.;16;;Scontro frontale/laterale DX fra veicoli in marcia;Rettilineo;Due carreggiate;Bagnato (umidità in atto);Asfaltata;Verticale ed orizzontale;Nuvoloso;Normale;Buona;Ore Diurne;0;0;0;2;12,45861;41,93174;-1;1;Motociclo a solo;In marcia / fermata / arresto;Conducente;M;Illeso;0;;;
2680518;20;03/02/2016 09:40;Strada Urbana;PIAZZA LAURO DE BOSIS;in corrispondenza;;del civico n.;16;;Scontro frontale/laterale DX fra veicoli in marcia;Rettilineo;Due carreggiate;Bagnato (umidità in atto);Asfaltata;Verticale ed orizzontale;Nuvoloso;Normale;Buona;Ore Diurne;0;0;0;2;12,45861;41,93174;-1;2;Autovettura privata;In marcia / fermata / arresto;Conducente;F;Illeso;0;;;
2680525;2;04/02/2016 06:40;Strada Urbana;PIAZZA BUENOS AIRES;all'intersezione semaforizzata con;VIA PO;VIA PO;;;Scontro frontale/laterale DX fra veicoli in marcia;Intersezione semaforizzata;Una carreggiata a doppio senso;Asciutto;Asfaltata;Verticale ed orizzontale;Sereno;Normale;Buona;Ore Diurne;0;0;0;2;12,50012;41,9181;-1;1;Autovettura privata;In marcia / fermata / arresto;Conducente;F;Illeso;0;;Utilizzato;Inesploso
2680525;2;04/02/2016 06:40;Strada Urbana;PIAZZA BUENOS AIRES;all'intersezione semaforizzata con;VIA PO;VIA PO;;;Scontro frontale/laterale DX fra veicoli in marcia;Intersezione semaforizzata;Una carreggiata a doppio senso;Asciutto;Asfaltata;Verticale ed orizzontale;Sereno;Normale;Buona;Ore Diurne;0;0;0;2;12,50012;41,9181;-1;2;Autovettura pubblica;In marcia / fermata / arresto;Conducente;M;Illeso;0;;Non accertato;Inesploso
2680533;10;03/02/2016 19:30;Strada Urbana;VIA ANAGNINA;all'intersezione con;VIA BELLICIA;VIA BELLICIA;;;Scontro frontale/laterale DX fra veicoli in marcia;Incrocio;Una carreggiata a senso unico di marcia;Bagnato (umidità in atto);Asfaltata;Verticale;Nuvoloso;Normale;Buona;Sufficiente;2;0;0;0;12,60715;41,82271;-1;1;Autovettura privata;In marcia / fermata / arresto;Conducente;F;Rimandato;0;NON DECEDUTO;Non accertato;Inesploso
2680533;10;03/02/2016 19:30;Strada Urbana;VIA ANAGNINA;all'intersezione con;VIA BELLICIA;VIA BELLICIA;;;Scontro frontale/laterale DX fra veicoli in marcia;Incrocio;Una carreggiata a senso unico di marcia;Bagnato (umidità in atto);Asfaltata;Verticale;Nuvoloso;Normale;Buona;Sufficiente;2;0;0;0;12,60715;41,82271;-1;2;Autovettura privata;In marcia / fermata / arresto;Conducente;M;Rimandato;0;NON DECEDUTO;Non accertato;Inesploso
2680539;13;03/02/2016 15:00;Strada Urbana;VIA OSTIENSE;da specificare;;;;altezza rampa immissione della Via del Mare;Tamponamento;Rettilineo;Una carreggiata a senso unico di marcia;Asciutto;Asfaltata;Orizzontale;Nuvoloso;Intenso;Buona;Ore Diurne;1;0;0;1;12,30444;41,76001;-1;1;Autovettura privata;In marcia / fermata / arresto;Conducente;F;Illeso;0;;Non accertato;Inesploso
2680539;13;03/02/2016 15:00;Strada Urbana;VIA OSTIENSE;da specificare;;;;altezza rampa immissione della Via del Mare;Tamponamento;Rettilineo;Una carreggiata a senso unico di marcia;Asciutto;Asfaltata;Orizzontale;Nuvoloso;Intenso;Buona;Ore Diurne;1;0;0;1;12,30444;41,76001;-1;2;Autovettura privata;In marcia / fermata / arresto;Conducente;M;Rimandato;0;NON DECEDUTO;Non accertato;Inesploso
2680550;4;03/02/2016 15:15;Strada Urbana;VIA CONCA D'ORO;in corrispondenza;;del civico n.;347;;Tamponamento;Rettilineo;Una carreggiata a doppio senso;Asciutto;Asfaltata;Verticale ed orizzontale;Nuvoloso;Normale;Buona;Ore Diurne;0;0;0;3;12,5177;41,94463;-1;1;Autovettura privata;In marcia / fermata / arresto;Conducente;M;Illeso;0;;Non accertato;
2680550;4;03/02/2016 15:15;Strada Urbana;VIA CONCA D'ORO;in corrispondenza;;del civico n.;347;;Tamponamento;Rettilineo;Una carreggiata a doppio senso;Asciutto;Asfaltata;Verticale ed orizzontale;Nuvoloso;Normale;Buona;Ore Diurne;0;0;0;3;12,5177;41,94463;-1;2;Autovettura di polizia;In marcia / fermata / arresto;Conducente;M;Illeso;0;;;
2680550;4;03/02/2016 15:15;Strada Urbana;VIA CONCA D'ORO;in corrispondenza;;del civico n.;347;;Tamponamento;Rettilineo;Una carreggiata a doppio senso;Asciutto;Asfaltata;Verticale ed orizzontale;Nuvoloso;Normale;Buona;Ore Diurne;0;0;0;3;12,5177;41,94463;-1;2;Autovettura di polizia;In marcia / fermata / arresto;Passeggero;M;Illeso;0;;;
2680571;16;03/02/2016 03:30;Strada Urbana;VIADOTTO DELLA MAGLIANA;da specificare;;;;in prossimità di Via del Cappellaccio;Veicolo in marcia contro veicolo fermo;Curva senza visuale libera;Una carreggiata a senso unico di marcia;Bagnato (pioggia);Asfaltata;Orizzontale;Nuvoloso;Normale;Sufficiente;Sufficiente;0;0;0;2;12,46221;41,84062;-1;1;Autovettura privata;In marcia / fermata / arresto;Conducente;F;Illeso;0;;;
2680571;16;03/02/2016 03:30;Strada Urbana;VIADOTTO DELLA MAGLIANA;da specificare;;;;in prossimità di Via del Cappellaccio;Veicolo in marcia contro veicolo fermo;Curva senza visuale libera;Una carreggiata a senso unico di marcia;Bagnato (pioggia);Asfaltata;Orizzontale;Nuvoloso;Normale;Sufficiente;Sufficiente;0;0;0;2;12,46221;41,84062;-1;2;Autovettura privata;In marcia / fermata / arresto;Conducente;M;Illeso;0;;;
2680575;11;03/02/2016 17:40;Strada Urbana;VIA APPIA ANTICA;in prossimità;;del civico n.;16;;Scontro laterale fra veicoli in marcia;Rettilineo;Una carreggiata a senso unico di marcia;Asciutto;In cubetti di porfido;Verticale ed orizzontale;Sereno;Normale;Buona;Sufficiente;0;0;0;2;12,50193;41,87026;-1;1;Autovettura privata;In marcia / fermata / arresto;Conducente;M;Illeso;0;;Non accertato;
2680575;11;03/02/2016 17:40;Strada Urbana;VIA APPIA ANTICA;in prossimità;;del civico n.;16;;Scontro laterale fra veicoli in marcia;Rettilineo;Una carreggiata a senso unico di marcia;Asciutto;In cubetti di porfido;Verticale ed orizzontale;Sereno;Normale;Buona;Sufficiente;0;0;0;2;12,50193;41,87026;-1;2;Autovettura privata;In marcia / fermata / arresto;Conducente;M;Illeso;0;;Non accertato;Inesploso
2680593;16;03/02/2016 12:00;Strada Urbana;VIA GIACOMO FOLCHI;in corrispondenza;;del civico n.;6/A;;Scontro frontale fra veicoli in marcia;Rettilineo;Una carreggiata a doppio senso;Asciutto;Asfaltata;Verticale ed orizzontale;Sereno;Normale;Buona;Ore Diurne;0;0;0;3;12,45424;41,86714;-1;1;Motociclo a solo;In marcia / fermata / arresto;Conducente;M;Illeso;0;;Non accertato;
2680593;16;03/02/2016 12:00;Strada Urbana;VIA GIACOMO FOLCHI;in corrispondenza;;del civico n.;6/A;;Scontro frontale fra veicoli in marcia;Rettilineo;Una carreggiata a doppio senso;Asciutto;Asfaltata;Verticale ed orizzontale;Sereno;Normale;Buona;Ore Diurne;0;0;0;3;12,45424;41,86714;-1;2;Autovettura privata;In marcia / fermata / arresto;Conducente;M;Illeso;0;;Non accertato;Inesploso
2680593;16;03/02/2016 12:00;Strada Urbana;VIA GIACOMO FOLCHI;in corrispondenza;;del civico n.;6/A;;Scontro frontale fra veicoli in marcia;Rettilineo;Una carreggiata a doppio senso;Asciutto;Asfaltata;Verticale ed orizzontale;Sereno;Normale;Buona;Ore Diurne;0;0;0;3;12,45424;41,86714;-1;2;Autovettura privata;In marcia / fermata / arresto;Passeggero;M;Illeso;0;;Non accertato;Inesploso
2680596;4;03/02/2016 20:15;Strada Urbana;Tangenziale Est;da specificare;;;;altezza rampa Conca d'Oro dir. stadio Olimpico;Tamponamento;Rettilineo;Due carreggiate;Asciutto;Asfaltata;Orizzontale;Nuvoloso;Scarso;Sufficiente;Sufficiente;0;0;0;4;12,52179;41,9336;-1;1;Autovettura privata;In marcia / fermata / arresto;Conducente;M;Illeso;0;;Non accertato;
2680596;4;03/02/2016 20:15;Strada Urbana;Tangenziale Est;da specificare;;;;altezza rampa Conca d'Oro dir. stadio Olimpico;Tamponamento;Rettilineo;Due carreggiate;Asciutto;Asfaltata;Orizzontale;Nuvoloso;Scarso;Sufficiente;Sufficiente;0;0;0;4;12,52179;41,9336;-1;1;Autovettura privata;In marcia / fermata / arresto;Passeggero;M;Illeso;0;;Non accertato;
2680596;4;03/02/2016 20:15;Strada Urbana;Tangenziale Est;da specificare;;;;altezza rampa Conca d'Oro dir. stadio Olimpico;Tamponamento;Rettilineo;Due carreggiate;Asciutto;Asfaltata;Orizzontale;Nuvoloso;Scarso;Sufficiente;Sufficiente;0;0;0;4;12,52179;41,9336;-1;2;Autovettura privata;In marcia / fermata / arresto;Conducente;F;Illeso;0;;Non accertato;
2680596;4;03/02/2016 20:15;Strada Urbana;Tangenziale Est;da specificare;;;;altezza rampa Conca d'Oro dir. stadio Olimpico;Tamponamento;Rettilineo;Due carreggiate;Asciutto;Asfaltata;Orizzontale;Nuvoloso;Scarso;Sufficiente;Sufficiente;0;0;0;4;12,52179;41,9336;-1;2;Autovettura privata;In marcia / fermata / arresto;Passeggero;F;Illeso;0;;Non accertato;
2680604;11;03/02/2016 08:25;Strada Urbana;VIA APPIA PIGNATELLI;da specificare;;;;altezza civico 245;Investimento di pedone;Rettilineo;Una carreggiata a doppio senso;Bagnato (umidità in atto);Asfaltata;Verticale ed orizzontale;Nuvoloso;Intenso;Buona;Ore Diurne;2;0;0;1;12,54786;41,83815;-1;;;;Pedone;M;Rimandato;0;NON DECEDUTO;;
2680604;11;03/02/2016 08:25;Strada Urbana;VIA APPIA PIGNATELLI;da specificare;;;;altezza civico 245;Investimento di pedone;Rettilineo;Una carreggiata a doppio senso;Bagnato (umidità in atto);Asfaltata;Verticale ed orizzontale;Nuvoloso;Intenso;Buona;Ore Diurne;2;0;0;1;12,54786;41,83815;-1;1;Motociclo a solo;In marcia / fermata / arresto;Conducente;M;Illeso;0;;Utilizzato;
2680604;11;03/02/2016 08:25;Strada Urbana;VIA APPIA PIGNATELLI;da specificare;;;;altezza civico 245;Investimento di pedone;Rettilineo;Una carreggiata a doppio senso;Bagnato (umidità in atto);Asfaltata;Verticale ed orizzontale;Nuvoloso;Intenso;Buona;Ore Diurne;2;0;0;1;12,54786;41,83815;-1;1;Motociclo a solo;In marcia / fermata / arresto;Passeggero;F;Rifiuta cure immediate;0;NON DECEDUTO;Utilizzato;
2680627;13;03/02/2016 14:20;Strada Urbana;VIA DI DRAGONE;da specificare;;;;altezza via Nicolò Balanzano;Veicolo in marcia contro ostacolo accidentale;Rettilineo;Una carreggiata a doppio senso;Bagnato (pioggia);Asfaltata;Assente;Nuvoloso;Normale;Buona;Ore Diurne;0;0;0;1;12,33643;41,77851;-1;1;Autovettura privata;In marcia / fermata / arresto;Conducente;F;Illeso;0;;Non accertato;Inesploso
2680629;11;03/02/2016 11:30;Strada Urbana;VIA LAURENTINA;in corrispondenza;;del civico n.;458;;Tamponamento Multiplo;Rettilineo;Due carreggiate;Bagnato (umidità in atto);Asfaltata;Assente;Nuvoloso;Intenso;Buona;Ore Diurne;0;0;0;3;12,48063;41,83197;-1;1;Autovettura privata;In marcia / fermata / arresto;Conducente;M;Illeso;0;;Non accertato;Inesploso
2680629;11;03/02/2016 11:30;Strada Urbana;VIA LAURENTINA;in corrispondenza;;del civico n.;458;;Tamponamento Multiplo;Rettilineo;Due carreggiate;Bagnato (umidità in atto);Asfaltata;Assente;Nuvoloso;Intenso;Buona;Ore Diurne;0;0;0;3;12,48063;41,83197;-1;1;Autovettura privata;In marcia / fermata / arresto;Passeggero;F;Illeso;0;;Non accertato;Inesploso
2680629;11;03/02/2016 11:30;Strada Urbana;VIA LAURENTINA;in corrispondenza;;del civico n.;458;;Tamponamento Multiplo;Rettilineo;Due carreggiate;Bagnato (umidità in atto);Asfaltata;Assente;Nuvoloso;Intenso;Buona;Ore Diurne;0;0;0;3;12,48063;41,83197;-1;2;Autovettura privata;In marcia / fermata / arresto;Conducente;F;Illeso;0;;Non accertato;Inesploso
2680634;7;04/02/2016 08:25;Strada Urbana;PIAZZA DEI GERANI;all'intersezione con;VIA DEI CASTANI;VIA DEI CASTANI;;;Scontro laterale fra veicoli in marcia;Incrocio;Due carreggiate;Asciutto;Asfaltata;Verticale ed orizzontale;Nuvoloso;Normale;Buona;Ore Diurne;0;0;0;2;12,56634;41,88597;-1;1;Autocarro inferiore 35 q.;In marcia / fermata / arresto;Conducente;M;Illeso;0;;Non accertato;Inesploso
2680634;7;04/02/2016 08:25;Strada Urbana;PIAZZA DEI GERANI;all'intersezione con;VIA DEI CASTANI;VIA DEI CASTANI;;;Scontro laterale fra veicoli in marcia;Incrocio;Due carreggiate;Asciutto;Asfaltata;Verticale ed orizzontale;Nuvoloso;Normale;Buona;Ore Diurne;0;0;0;2;12,56634;41,88597;-1;2;Autovettura privata;In marcia / fermata / arresto;Conducente;F;Illeso;0;;Non accertato;Inesploso