Protocollo;Gruppo;DataOraIncidente;Localizzazione1;STRADA1;Localizzazione2;STRADA2;Strada02;Chilometrica;DaSpecificare;NaturaIncidente;particolaritastrade;TipoStrada;FondoStradale;Pavimentazione;Segnaletica;CondizioneAtmosferica;Traffico;Visibilita;Illuminazione;NUM_FERITI;NUM_RISERVATA;NUM_MORTI;NUM_ILLESI;Longitudine;Latitudine;Confermato;Progressivo;TipoVeicolo;StatoVeicolo;TipoPersona;Sesso;Tipolesione;Deceduto;DecedutoDopo;CinturaCascoUtilizzato;Airbag
2682085;4;05/02/2016 08:40;Strada Urbana;VIALE JONIO;all'intersezione con;VIA MONTE ROCCHETTA;VIA MONTE ROCCHETTA;;;Scontro frontale/laterale DX fra veicoli in marcia;Intersezione stradale segnalata;Due carreggiate;Asciutto;Asfaltata;Verticale ed orizzontale;Sereno;Normale;Buona;Ore Diurne;0;0;0;2;12,53174;41,94734;-1;2;Autovettura privata;In marcia / fermata / arresto;Conducente;M;Illeso;0;;Non accertato;Inesploso
2682182;7;05/02/2016 08:50;Strada Urbana;VIA FEDERICO DELPINO;all'intersezione con;PIAZZA TEOFRASTO;PIAZZA TEOFRASTO;;;Scontro frontale/laterale DX fra veicoli in marcia;Incrocio;Una carreggiata a doppio senso;Asciutto;Asfaltata;Verticale ed orizzontale;Sereno;Normale;Buona;Ore Diurne;1;0;0;1;12,56412;41,89144;-1;1;Autovettura privata;In marcia / fermata / arresto;Conducente;M;Illeso;0;;Non accertato;Inesploso
2682182;7;05/02/2016 08:50;Strada Urbana;VIA FEDERICO DELPINO;all'intersezione con;PIAZZA TEOFRASTO;PIAZZA TEOFRASTO;;;Scontro frontale/laterale DX fra veicoli in marcia;Incrocio;Una carreggiata a doppio senso;Asciutto;Asfaltata;Verticale ed orizzontale;Sereno;Normale;Buona;Ore Diurne;1;0;0;1;12,56412;41,89144;-1;2;Motociclo a solo;In marcia / fermata / arresto;Conducente;M;Rimandato;0;NON DECEDUTO;Non accertato;
2682189;10;04/02/2016 17:55;Strada Urbana;VIA SANTA SEVERINA;all'intersezione con;LARGO CIRO';LARGO CIRO';;;Scontro laterale fra veicoli in marcia;Incrocio;Una carreggiata a senso unico di marcia;Asciutto;Asfaltata;Verticale ed orizzontale;Sereno;Scarso;Buona;Sufficiente;0;0;0;2;12,56037;41,83471;-1;1;Autobus di linea;In marcia / fermata / arresto;Conducente;M;Illeso;0;;Non accertato;Inesploso
2682189;10;04/02/2016 17:55;Strada Urbana;VIA SANTA SEVERINA;all'intersezione con;LARGO CIRO';LARGO CIRO';;;Scontro laterale fra veicoli in marcia;Incrocio;Una carreggiata a senso unico di marcia;Asciutto;Asfaltata;Verticale ed orizzontale;Sereno;Scarso;Buona;Sufficiente;0;0;0;2;12,56037;41,83471;-1;2;Autovettura privata;In marcia / fermata / arresto;Conducente;F;Illeso;0;;Non accertato;Inesploso
2682231;3;04/02/2016 04:44;Strada Urbana;VIALE VENTUNO APRILE;da specificare;;;;fronte civ. 8;Veicolo in marcia contro ostacolo fisso;Rettilineo;Una carreggiata a doppio senso;Asciutto;Asfaltata;Verticale ed orizzontale;Sereno;Scarso;Buona;Sufficiente;1;0;0;0;12,51998;41,91767;-1;1;Autovettura privata;In marcia / fermata / arresto;Conducente;M;Rimandato;0;NON DECEDUTO;Non accertato;Inesploso
2682253;3;04/02/2016 09:10;Strada Urbana;VIA NOMENTANA;da specificare;;;;altezza civ. 297;Tamponamento Multiplo;Rettilineo;Più di due carreggiate;Asciutto;Asfaltata;Verticale ed orizzontale;Sereno;Normale;Buona;Ore Diurne;0;0;0;4;12,51228;41,91703;-1;1;Autovettura privata;In marcia / fermata / arresto;Conducente;F;Illeso;0;;Non accertato;Inesploso
2682253;3;04/02/2016 09:10;Strada Urbana;VIA NOMENTANA;da specificare;;;;altezza civ. 297;Tamponamento Multiplo;Rettilineo;Più di due carreggiate;Asciutto;Asfaltata;Verticale ed orizzontale;Sereno;Normale;Buona;Ore Diurne;0;0;0;4;12,51228;41,91703;-1;2;Autovettura privata;In marcia / fermata / arresto;Conducente;M;Illeso;0;;Non accertato;Inesploso
2682253;3;04/02/2016 09:10;Strada Urbana;VIA NOMENTANA;da specificare;;;;altezza civ. 297;Tamponamento Multiplo;Rettilineo;Più di due carreggiate;Asciutto;Asfaltata;Verticale ed orizzontale;Sereno;Normale;Buona;Ore Diurne;0;0;0;4;12,51228;41,91703;-1;2;Autovettura privata;In marcia / fermata / arresto;Passeggero;M;Illeso;0;;Non accertato;Inesploso
2682253;3;04/02/2016 09:10;Strada Urbana;VIA NOMENTANA;da specificare;;;;altezza civ. 297;Tamponamento Multiplo;Rettilineo;Più di due carreggiate;Asciutto;Asfaltata;Verticale ed orizzontale;Sereno;Normale;Buona;Ore Diurne;0;0;0;4;12,51228;41,91703;-1;3;Autovettura privata;In marcia / fermata / arresto;Conducente;F;Illeso;0;;Non accertato;Inesploso
2682271;3;04/02/2016 15:15;Strada Urbana;VIA TIBURTINA;all'intersezione con;VIA DEI LATINI;VIA DEI LATINI;;;Scontro frontale/laterale DX fra veicoli in marcia;Intersezione stradale segnalata;Una carreggiata a doppio senso;Asciutto;Asfaltata;Verticale ed orizzontale;Sereno;Normale;Buona;Ore Diurne;0;0;0;3;12,57323;41,92521;-1;1;Motociclo con passeggero;In marcia / fermata / arresto;Conducente;M;Illeso;0;;Non accertato;
2682271;3;04/02/2016 15:15;Strada Urbana;VIA TIBURTINA;all'intersezione con;VIA DEI LATINI;VIA DEI LATINI;;;Scontro frontale/laterale DX fra veicoli in marcia;Intersezione stradale segnalata;Una carreggiata a doppio senso;Asciutto;Asfaltata;Verticale ed orizzontale;Sereno;Normale;Buona;Ore Diurne;0;0;0;3;12,57323;41,92521;-1;1;Motociclo con passeggero;In marcia / fermata / arresto;Passeggero;M;Illeso;0;;Non accertato;
2682271;3;04/02/2016 15:15;Strada Urbana;VIA TIBURTINA;all'intersezione con;VIA DEI LATINI;VIA DEI LATINI;;;Scontro frontale/laterale DX fra veicoli in marcia;Intersezione stradale segnalata;Una carreggiata a doppio senso;Asciutto;Asfaltata;Verticale ed orizzontale;Sereno;Normale;Buona;Ore Diurne;0;0;0;3;12,57323;41,92521;-1;2;Autovettura privata;In marcia / fermata / arresto;Conducente;M;Illeso;0;;Non accertato;Inesploso
2682298;16;04/02/2016 20:00;Strada Urbana;VIA LEONARDO FIBONACCI;in corrispondenza;;del palo luce n.;45;;Veicolo in marcia contro ostacolo fisso;Curva a visuale libera;Una carreggiata a doppio senso;Asciutto;Asfaltata;Verticale;Sereno;Scarso;Insufficiente;Insufficiente;1;0;0;0;12,36378;41,86596;-1;1;Autovettura privata;In marcia / fermata / arresto;Conducente;M;Rimandato;0;NON DECEDUTO;Non accertato;Esploso
2682345;1;05/02/2016 07:17;Strada Urbana;PIAZZALE UGO LA MALFA;all'intersezione con;VIA DEL CIRCO MASSIMO;VIA DEL CIRCO MASSIMO;;;Scontro frontale/laterale DX fra veicoli in marcia;Incrocio;Una carreggiata a doppio senso;Asciutto;Asfaltata;Verticale ed orizzontale;Sereno;Normale;Buona;Ore Diurne;0;0;0;4;12,4849;41,88529;-1;1;Autovettura privata;In marcia / fermata / arresto;Conducente;M;Illeso;0;;Non accertato;Inesploso
2682345;1;05/02/2016 07:17;Strada Urbana;PIAZZALE UGO LA MALFA;all'intersezione con;VIA DEL CIRCO MASSIMO;VIA DEL CIRCO MASSIMO;;;Scontro frontale/laterale DX fra veicoli in marcia;Incrocio;Una carreggiata a doppio senso;Asciutto;Asfaltata;Verticale ed orizzontale;Sereno;Normale;Buona;Ore Diurne;0;0;0;4;12,4849;41,88529;-1;1;Autovettura privata;In marcia / fermata / arresto;Passeggero;F;Illeso;0;;;
2682345;1;05/02/2016 07:17;Strada Urbana;PIAZZALE UGO LA MALFA;all'intersezione con;VIA DEL CIRCO MASSIMO;VIA DEL CIRCO MASSIMO;;;Scontro frontale/laterale DX fra veicoli in marcia;Incrocio;Una carreggiata a doppio senso;Asciutto;Asfaltata;Verticale ed orizzontale;Sereno;Normale;Buona;Ore Diurne;0;0;0;4;12,4849;41,88529;-1;1;Autovettura privata;In marcia / fermata / arresto;Passeggero;F;Illeso;0;;;
2682345;1;05/02/2016 07:17;Strada Urbana;PIAZZALE UGO LA MALFA;all'intersezione con;VIA DEL CIRCO MASSIMO;VIA DEL CIRCO MASSIMO;;;Scontro frontale/laterale DX fra veicoli in marcia;Incrocio;Una carreggiata a doppio senso;Asciutto;Asfaltata;Verticale ed orizzontale;Sereno;Normale;Buona;Ore Diurne;0;0;0;4;12,4849;41,88529;-1;2;Autocarro inferiore 35 q.;In marcia / fermata / arresto;Conducente;M;Illeso;0;;Non accertato;Inesploso
2682377;1;05/02/2016 04:20;Strada Urbana;VIA ELENIANA;all'intersezione con;VIA SEBASTIANO GRANDIS;VIA SEBASTIANO GRANDIS;;;Scontro laterale fra veicoli in marcia;Intersezione stradale segnalata;Più di due carreggiate;Asciutto;Asfaltata;Verticale ed orizzontale;Sereno;Scarso;Sufficiente;Sufficiente;0;0;0;2;12,51459;41,8906;-1;1;Autovettura privata;In marcia / fermata / arresto;Conducente;M;Illeso;0;;Non accertato;Esploso
2682377;1;05/02/2016 04:20;Strada Urbana;VIA ELENIANA;all'intersezione con;VIA SEBASTIANO GRANDIS;VIA SEBASTIANO GRANDIS;;;Scontro laterale fra veicoli in marcia;Intersezione stradale segnalata;Più di due carreggiate;Asciutto;Asfaltata;Verticale ed orizzontale;Sereno;Scarso;Sufficiente;Sufficiente;0;0;0;2;12,51459;41,8906;-1;2;Autovettura privata;In marcia / fermata / arresto;Conducente;F;Illeso;0;;Non accertato;Esploso
2682414;12;04/02/2016 17:15;Strada Urbana;VIA STOCCOLMA;in corrispondenza;;del civico n.;12;;Scontro laterale fra veicoli in marcia;Rettilineo;Due carreggiate;Asciutto;Strada pavimentata dissestata;Verticale ed orizzontale;Sereno;Scarso;Buona;Sufficiente;0;0;0;3;12,4528;41,82471;-1;1;Autovettura privata;In marcia / fermata / arresto;Conducente;F;Illeso;0;;Non accertato;Inesistente
2682414;12;04/02/2016 17:15;Strada Urbana;VIA STOCCOLMA;in corrispondenza;;del civico n.;12;;Scontro laterale fra veicoli in marcia;Rettilineo;Due carreggiate;Asciutto;Strada pavimentata dissestata;Verticale ed orizzontale;Sereno;Scarso;Buona;Sufficiente;0;0;0;3;12,4528;41,82471;-1;2;Autovettura privata;In marcia / fermata / arresto;Conducente;M;Illeso;0;;Non accertato;Inesistente
2682414;12;04/02/2016 17:15;Strada Urbana;VIA STOCCOLMA;in corrispondenza;;del civico n.;12;;Scontro laterale fra veicoli in marcia;Rettilineo;Due carreggiate;Asciutto;Strada pavimentata dissestata;Verticale ed orizzontale;Sereno;Scarso;Buona;Sufficiente;0;0;0;3;12,4528;41,82471;-1;2;Autovettura privata;In marcia / fermata / arresto;Passeggero;F;Illeso;0;;Non accertato;Inesistente
2682417;12;02/02/2016 15:50;Strada Urbana;VIA DELLA SETA;in corrispondenza;;del civico n.;13;;Scontro laterale fra veicoli in marcia;Rettilineo;Una carreggiata a senso unico di marcia;Asciutto;Asfaltata;Verticale ed orizzontale;Sereno;Normale;Buona;Ore Diurne;0;0;0;4;12,43339;41,80778;-1;1;Autovettura privata;In marcia / fermata / arresto;Conducente;F;Illeso;0;;Non accertato;Inesploso
2682417;12;02/02/2016 15:50;Strada Urbana;VIA DELLA SETA;in corrispondenza;;del civico n.;13;;Scontro laterale fra veicoli in marcia;Rettilineo;Una carreggiata a senso unico di marcia;Asciutto;Asfaltata;Verticale ed orizzontale;Sereno;Normale;Buona;Ore Diurne;0;0;0;4;12,43339;41,80778;-1;1;Autovettura privata;In marcia / fermata / arresto;Passeggero;F;Illeso;0;;Non accertato;Inesistente
2682417;12;02/02/2016 15:50;Strada Urbana;VIA DELLA SETA;in corrispondenza;;del civico n.;13;;Scontro laterale fra veicoli in marcia;Rettilineo;Una carreggiata a senso unico di marcia;Asciutto;Asfaltata;Verticale ed orizzontale;Sereno;Normale;Buona;Ore Diurne;0;0;0;4;12,43339;41,80778;-1;1;Autovettura privata;In marcia / fermata / arresto;Passeggero;F;Illeso;0;;Non accertato;Inesistente
2682417;12;02/02/2016 15:50;Strada Urbana;VIA DELLA SETA;in corrispondenza;;del civico n.;13;;Scontro laterale fra veicoli in marcia;Rettilineo;Una carreggiata a senso unico di marcia;Asciutto;Asfaltata;Verticale ed orizzontale;Sereno;Normale;Buona;Ore Diurne;0;0;0;4;12,43339;41,80778;-1;2;Autovettura privata;In marcia / fermata / arresto;Conducente;M;Illeso;0;;Non accertato;Inesistente
2682425;2;05/02/2016 08:00;Strada Urbana;VIA PO;in prossimità;;del civico n.;20;;Veicolo in marcia contro veicolo in sosta;Rettilineo;Una carreggiata a doppio senso;Asciutto;Asfaltata;Verticale ed orizzontale;Sereno;Normale;Buona;Ore Diurne;0;0;0;1;12,49419;41,91332;-1;1;Autovettura privata;In marcia / fermata / arresto;Conducente;M;Illeso;0;;;
2682503;12;02/02/2016 17:30;Strada Urbana;VIALE LUIGI GUGLIELMI;all'intersezione con;VIALE BARTOLOMEO CAVACEPPI;VIALE BARTOLOMEO CAVACEPPI;;;Scontro laterale fra veicoli in marcia;Rotatoria;Una carreggiata a senso unico di marcia;Asciutto;Asfaltata;Verticale ed orizzontale;Sereno;Normale;Sufficiente;Sufficiente;0;0;0;3;12,43392;41,80006;-1;1;Autovettura privata;In marcia / fermata / arresto;Conducente;F;Illeso;0;;Non accertato;Inesploso
2682503;12;02/02/2016 17:30;Strada Urbana;VIALE LUIGI GUGLIELMI;all'intersezione con;VIALE BARTOLOMEO CAVACEPPI;VIALE BARTOLOMEO CAVACEPPI;;;Scontro laterale fra veicoli in marcia;Rotatoria;Una carreggiata a senso unico di marcia;Asciutto;Asfaltata;Verticale ed orizzontale;Sereno;Normale;Sufficiente;Sufficiente;0;0;0;3;12,43392;41,80006;-1;2;Autovettura privata;In marcia / fermata / arresto;Conducente;F;Illeso;0;;Non accertato;Inesploso
2682503;12;02/02/2016 17:30;Strada Urbana;VIALE LUIGI GUGLIELMI;all'intersezione con;VIALE BARTOLOMEO CAVACEPPI;VIALE BARTOLOMEO CAVACEPPI;;;Scontro laterale fra veicoli in marcia;Rotatoria;Una carreggiata a senso unico di marcia;Asciutto;Asfaltata;Verticale ed orizzontale;Sereno;Normale;Sufficiente;Sufficiente;0;0;0;3;12,43392;41,80006;-1;2;Autovettura privata;In marcia / fermata / arresto;Passeggero;F;Illeso;0;;Non accertato;Inesploso
2682517;12;04/02/2016 14:45;Strada Urbana;VIA ARDEATINA;all'intersezione con;VIA ANTONIO CARRUCCIO;VIA ANTONIO CARRUCCIO;;;Tamponamento Multiplo;Incrocio;Una carreggiata a doppio senso;Asciutto;Asfaltata;Verticale ed orizzontale;Sereno;Normale;Buona;Ore Diurne;1;0;0;2;12,53456;41,79682;-1;1;Autovettura privata;In marcia / fermata / arresto;Conducente;M;Illeso;0;;Non accertato;Inesistente
2682517;12;04/02/2016 14:45;Strada Urbana;VIA ARDEATINA;all'intersezione con;VIA ANTONIO CARRUCCIO;VIA ANTONIO CARRUCCIO;;;Tamponamento Multiplo;Incrocio;Una carreggiata a doppio senso;Asciutto;Asfaltata;Verticale ed orizzontale;Sereno;Normale;Buona;Ore Diurne;1;0;0;2;12,53456;41,79682;-1;2;Autovettura privata;In marcia / fermata / arresto;Conducente;M;Rimandato;0;NON DECEDUTO;Non accertato;Inesistente
2682517;12;04/02/2016 14:45;Strada Urbana;VIA ARDEATINA;all'intersezione con;VIA ANTONIO CARRUCCIO;VIA ANTONIO CARRUCCIO;;;Tamponamento Multiplo;Incrocio;Una carreggiata a doppio senso;Asciutto;Asfaltata;Verticale ed orizzontale;Sereno;Normale;Buona;Ore Diurne;1;0;0;2;12,53456;41,79682;-1;3;Autovettura privata;In marcia / fermata / arresto;Conducente;F;Illeso;0;;Non accertato;Inesistente
2682537;10;05/02/2016 12:30;Strada Urbana;VIA RAIMONDO SCINTU;all'intersezione semaforizzata con;VIALE ROLANDO VIGNALI;VIALE ROLANDO VIGNALI;;;Scontro frontale/laterale DX fra veicoli in marcia;Intersezione semaforizzata;Due carreggiate;Asciutto;Asfaltata;Verticale ed orizzontale;Sereno;Normale;Buona;Ore Diurne;1;0;0;1;12,57905;41,85596;-1;1;Autovettura privata;In marcia / fermata / arresto;Conducente;F;Illeso;0;;Non accertato;Esploso
2682537;10;05/02/2016 12:30;Strada Urbana;VIA RAIMONDO SCINTU;all'intersezione semaforizzata con;VIALE ROLANDO VIGNALI;VIALE ROLANDO VIGNALI;;;Scontro frontale/laterale DX fra veicoli in marcia;Intersezione semaforizzata;Due carreggiate;Asciutto;Asfaltata;Verticale ed orizzontale;Sereno;Normale;Buona;Ore Diurne;1;0;0;1;12,57905;41,85596;-1;2;Autovettura privata;In marcia / fermata / arresto;Conducente;F;Rimandato;0;NON DECEDUTO;Non accertato;Inesploso
2682555;12;04/02/2016 08:30;Strada Urbana;VIALE DELL'AERONAUTICA;da specificare;;;;alt. civico 122;Veicolo in marcia contro veicolo in sosta;Rettilineo;Due carreggiate;Asciutto;Asfaltata;Verticale ed orizzontale;Sereno;Normale;Buona;Ore Diurne;0;0;0;1;12,47553;41,82615;-1;2;Autovettura privata;In marcia / fermata / arresto;Conducente;M;Illeso;0;;Utilizzato;Inesploso
2682599;1;04/02/2016 18:35;Strada Urbana;VIA DI S. CROCE IN GERUSALEMME;in prossimità;;del civico n.;103;;Scontro frontale/laterale DX fra veicoli in marcia;Rettilineo;Una carreggiata a senso unico di marcia;Asciutto;Asfaltata;Verticale ed orizzontale;Sereno;Normale;Sufficiente;Insufficiente;2;0;0;0;12,50894;41,89171;-1;1;Motociclo a solo;In marcia / fermata / arresto;Conducente;M;Rimandato;0;NON DECEDUTO;Non accertato;
2682599;1;04/02/2016 18:35;Strada Urbana;VIA DI S. CROCE IN GERUSALEMME;in prossimità;;del civico n.;103;;Scontro frontale/laterale DX fra veicoli in marcia;Rettilineo;Una carreggiata a senso unico di marcia;Asciutto;Asfaltata;Verticale ed orizzontale;Sereno;Normale;Sufficiente;Insufficiente;2;0;0;0;12,50894;41,89171;-1;2;Velocipede;In marcia / fermata / arresto;Conducente;M;Rifiuta cure immediate;0;NON DECEDUTO;Esente;
2682619;7;05/02/2016 11:05;Strada Urbana;VIA ARISTIDE STADERINI;all'intersezione con;VIA SENATORE BORLETTI;VIA SENATORE BORLETTI;;;Scontro frontale/laterale SX fra veicoli in marcia;Incrocio;Una carreggiata a senso unico di marcia;Asciutto;Asfaltata;Verticale;Sereno;Normale;Buona;Ore Diurne;0;1;0;2;12,58723;41,89163;-1;1;Autovettura privata;In marcia / fermata / arresto;Conducente;M;Illeso;0;;Non accertato;Inesploso
2682619;7;05/02/2016 11:05;Strada Urbana;VIA ARISTIDE STADERINI;all'intersezione con;VIA SENATORE BORLETTI;VIA SENATORE BORLETTI;;;Scontro frontale/laterale SX fra veicoli in marcia;Incrocio;Una carreggiata a senso unico di marcia;Asciutto;Asfaltata;Verticale;Sereno;Normale;Buona;Ore Diurne;0;1;0;2;12,58723;41,89163;-1;1;Autovettura privata;In marcia / fermata / arresto;Passeggero;F;Illeso;0;;Non accertato;Inesploso
2682619;7;05/02/2016 11:05;Strada Urbana;VIA ARISTIDE STADERINI;all'intersezione con;VIA SENATORE BORLETTI;VIA SENATORE BORLETTI;;;Scontro frontale/laterale SX fra veicoli in marcia;Incrocio;Una carreggiata a senso unico di marcia;Asciutto;Asfaltata;Verticale;Sereno;Normale;Buona;Ore Diurne;0;1;0;2;12,58723;41,89163;-1;2;Motociclo a solo;In marcia / fermata / arresto;Conducente;M;Prognosi riservata;0;NON DECEDUTO;Non accertato;
2682694;6;05/02/2016 09:30;Strada Urbana;VIA DI ACQUA BULLICANTE;in prossimità;;del civico n.;255;;Veicolo in marcia contro veicoli in sosta;Rettilineo;Una carreggiata a doppio senso;Asciutto;Asfaltata;Orizzontale;Sereno;Normale;Buona;Ore Diurne;0;0;0;1;12,54254;41,88831;-1;1;Autovettura privata;In marcia / fermata / arresto;Conducente;M;Illeso;0;;Non accertato;
2682717;9;05/02/2016 12:10;Strada Urbana;VIA SIRIA;in prossimità;;del civico n.;25;;Scontro laterale fra veicoli in marcia;Rettilineo;Una carreggiata a doppio senso;Asciutto;Asfaltata;Orizzontale;Sereno;Normale;Buona;Ore Diurne;0;0;0;3;12,51158;41,87471;-1;1;Autocarro inferiore 35 q.;In marcia / fermata / arresto;Conducente;M;Illeso;0;;Non accertato;Inesploso
2682717;9;05/02/2016 12:10;Strada Urbana;VIA SIRIA;in prossimità;;del civico n.;25;;Scontro laterale fra veicoli in marcia;Rettilineo;Una carreggiata a doppio senso;Asciutto;Asfaltata;Orizzontale;Sereno;Normale;Buona;Ore Diurne;0;0;0;3;12,51158;41,87471;-1;2;Autovettura privata;In marcia / fermata / arresto;Conducente;M;Illeso;0;;Non accertato;Inesploso
2682717;9;05/02/2016 12:10;Strada Urbana;VIA SIRIA;in prossimità;;del civico n.;25;;Scontro laterale fra veicoli in marcia;Rettilineo;Una carreggiata a doppio senso;Asciutto;Asfaltata;Orizzontale;Sereno;Normale;Buona;Ore Diurne;0;0;0;3;12,51158;41,87471;-1;2;Autovettura privata;In marcia / fermata / arresto;Passeggero;M;Illeso;0;;Utilizzato;Inesploso
2682823;6;05/02/2016 16:00;Strada Urbana;VIA MUZIO ATTENDOLO;in corrispondenza;;del civico n.;95;;Scontro laterale fra veicoli in marcia;Rettilineo;Una carreggiata a senso unico di marcia;Asciutto;Asfaltata;Orizzontale;Sereno;Normale;Buona;Ore Diurne;0;0;0;3;12,53578;41,88887;-1;1;Autocarro inferiore 35 q.;In marcia / fermata / arresto;Conducente;M;Illeso;0;;Non accertato;Inesistente
2682823;6;05/02/2016 16:00;Strada Urbana;VIA MUZIO ATTENDOLO;in corrispondenza;;del civico n.;95;;Scontro laterale fra veicoli in marcia;Rettilineo;Una carreggiata a senso unico di marcia;Asciutto;Asfaltata;Orizzontale;Sereno;Normale;Buona;Ore Diurne;0;0;0;3;12,53578;41,88887;-1;1;Autocarro inferiore 35 q.;In marcia / fermata / arresto;Passeggero;M;Illeso;0;;Non accertato;Inesistente
2682823;6;05/02/2016 16:00;Strada Urbana;VIA MUZIO ATTENDOLO;in corrispondenza;;del civico n.;95;;Scontro laterale fra veicoli in marcia;Rettilineo;Una carreggiata a senso unico di marcia;Asciutto;Asfaltata;Orizzontale;Sereno;Normale;Buona;Ore Diurne;0;0;0;3;12,53578;41,88887;-1;2;Autovettura privata;In marcia / fermata / arresto;Conducente;M;Illeso;0;;Non accertato;Inesploso
2682860;10;05/02/2016 14:10;Statale;VIA TUSCOLANA;all'intersezione con;VIA SPADOLA;VIA SPADOLA;;;Veicolo in marcia contro veicolo fermo;Incrocio;Due carreggiate;Asciutto;Asfaltata;Orizzontale;Sereno;Normale;Buona;Ore Diurne;0;0;0;2;12,62625;41,82701;-1;1;Autovettura privata;In marcia / fermata / arresto;Conducente;F;Illeso;0;;Non accertato;Inesploso
2682860;10;05/02/2016 14:10;Statale;VIA TUSCOLANA;all'intersezione con;VIA SPADOLA;VIA SPADOLA;;;Veicolo in marcia contro veicolo fermo;Incrocio;Due carreggiate;Asciutto;Asfaltata;Orizzontale;Sereno;Normale;Buona;Ore Diurne;0;0;0;2;12,62625;41,82701;-1;2;Autocarro superiore 35 q.;In marcia / fermata / arresto;Conducente;M;Illeso;0;;Non accertato;Inesploso
2682866;18;01/02/2016 16:30;Strada Urbana;VIA DI BOCCEA;all'intersezione con;VIA DI VAL CANNUTA;VIA DI VAL CANNUTA;;;Scontro frontale/laterale DX fra veicoli in marcia;Incrocio;Una carreggiata a doppio senso;Asciutto;Asfaltata;Verticale ed orizzontale;Sereno;Intenso;Buona;Ore Diurne;0;0;0;3;12,41635;41,9035;-1;1;Autovettura privata;In marcia / fermata / arresto;Conducente;F;Illeso;0;;Non accertato;Inesistente
2682866;18;01/02/2016 16:30;Strada Urbana;VIA DI BOCCEA;all'intersezione con;VIA DI VAL CANNUTA;VIA DI VAL CANNUTA;;;Scontro frontale/laterale DX fra veicoli in marcia;Incrocio;Una carreggiata a doppio senso;Asciutto;Asfaltata;Verticale ed orizzontale;Sereno;Intenso;Buona;Ore Diurne;0;0;0;3;12,41635;41,9035;-1;1;Autovettura privata;In marcia / fermata / arresto;Passeggero;F;Illeso;0;;Non accertato;Inesistente
2682866;18;01/02/2016 16:30;Strada Urbana;VIA DI BOCCEA;all'intersezione con;VIA DI VAL CANNUTA;VIA DI VAL CANNUTA;;;Scontro frontale/laterale DX fra veicoli in marcia;Incrocio;Una carreggiata a doppio senso;Asciutto;Asfaltata;Verticale ed orizzontale;Sereno;Intenso;Buona;Ore Diurne;0;0;0;3;12,41635;41,9035;-1;2;Motociclo a solo;In marcia / fermata / arresto;Conducente;M;Illeso;0;;Non accertato;
2683016;15;05/02/2016 12:25;Strada Urbana;VIA ERNESTO NATHAN;in prossimità;;del civico n.;102;;Veicolo in marcia contro veicolo fermo;Rettilineo;Una carreggiata a doppio senso;Asciutto;Asfaltata;Verticale ed orizzontale;Sereno;Normale;Buona;Ore Diurne;0;0;0;2;12,45804;41,85145;-1;1;Autovettura privata;In marcia / fermata / arresto;Conducente;M;Illeso;0;;Non accertato;Inesploso
2683016;15;05/02/2016 12:25;Strada Urbana;VIA ERNESTO NATHAN;in prossimità;;del civico n.;102;;Veicolo in marcia contro veicolo fermo;Rettilineo;Una carreggiata a doppio senso;Asciutto;Asfaltata;Verticale ed orizzontale;Sereno;Normale;Buona;Ore Diurne;0;0;0;2;12,45804;41,85145;-1;2;Autovettura privata;In marcia / fermata / arresto;Conducente;M;Illeso;0;;Non accertato;Inesploso
2683035;10;05/02/2016 16:45;Provinciale entro l'abitato;VIA TUSCOLANA;in prossimità;;del civico n.;1359;;Ribaltamento senza urto contro ostacolo fisso;Curva a visuale libera;Due carreggiate;Asciutto;Asfaltata;Verticale ed orizzontale;Sereno;Normale;Buona;Ore Diurne;1;0;0;0;12,61693;41,83198;-1;1;Motociclo con passeggero;In marcia / fermata / arresto;Conducente;M;Rimandato;0;NON DECEDUTO;Non accertato;
2683089;10;05/02/2016 12:30;Strada Urbana;PIAZZA DEI CONSOLI;in prossimità;;del civico n.;19;;Scontro laterale fra veicoli in marcia;Rettilineo;Una carreggiata a senso unico di marcia;Asciutto;Asfaltata;Orizzontale;Sereno;Normale;Buona;Ore Diurne;0;0;0;3;12,55846;41,86193;-1;1;Motociclo a solo;In marcia / fermata / arresto;Conducente;F;Illeso;0;;Non accertato;
2683089;10;05/02/2016 12:30;Strada Urbana;PIAZZA DEI CONSOLI;in prossimità;;del civico n.;19;;Scontro laterale fra veicoli in marcia;Rettilineo;Una carreggiata a senso unico di marcia;Asciutto;Asfaltata;Orizzontale;Sereno;Normale;Buona;Ore Diurne;0;0;0;3;12,55846;41,86193;-1;2;Autovettura privata;In marcia / fermata / arresto;Conducente;M;Illeso;0;;Non accertato;Inesploso
2683089;10;05/02/2016 12:30;Strada Urbana;PIAZZA DEI CONSOLI;in prossimità;;del civico n.;19;;Scontro laterale fra veicoli in marcia;Rettilineo;Una carreggiata a senso unico di marcia;Asciutto;Asfaltata;Orizzontale;Sereno;Normale;Buona;Ore Diurne;0;0;0;3;12,55846;41,86193;-1;2;Autovettura privata;In marcia / fermata / arresto;Passeggero;F;Illeso;0;;Non accertato;Inesploso
2683120;6;05/02/2016 18:00;Strada Urbana;VIA ETTORE GIOVENALE;all'intersezione con;VIA BRACCIO DA MONTONE;VIA BRACCIO DA MONTONE;;;Investimento di pedone;Incrocio;Una carreggiata a senso unico di marcia;Asciutto;Asfaltata;Verticale ed orizzontale;Sereno;Normale;Sufficiente;Sufficiente;1;0;0;2;12,53174;41,8894;-1;;;;Pedone;F;Rimandato;0;NON DECEDUTO;;