Protocollo;Gruppo;DataOraIncidente;Localizzazione1;STRADA1;Localizzazione2;STRADA2;Strada02;Chilometrica;DaSpecificare;NaturaIncidente;particolaritastrade;TipoStrada;FondoStradale;Pavimentazione;Segnaletica;CondizioneAtmosferica;Traffico;Visibilita;Illuminazione;NUM_FERITI;NUM_RISERVATA;NUM_MORTI;NUM_ILLESI;Longitudine;Latitudine;Confermato;Progressivo;TipoVeicolo;StatoVeicolo;TipoPersona;Sesso;Tipolesione;Deceduto;DecedutoDopo;CinturaCascoUtilizzato;Airbag
2684238;1;06/02/2016 13:10;Strada Urbana;VIA GOITO;all'intersezione con;VIA GAETA;VIA GAETA;;;Scontro frontale/laterale SX fra veicoli in marcia;Incrocio;Una carreggiata a doppio senso;Asciutto;Asfaltata;Verticale ed orizzontale;Sereno;Normale;Buona;Ore Diurne;0;0;0;3;12,50027;41,90612;-1;2;Autovettura privata;In marcia / fermata / arresto;Conducente;F;Illeso;0;;;
2684238;1;06/02/2016 13:10;Strada Urbana;VIA GOITO;all'intersezione con;VIA GAETA;VIA GAETA;;;Scontro frontale/laterale SX fra veicoli in marcia;Incrocio;Una carreggiata a doppio senso;Asciutto;Asfaltata;Verticale ed orizzontale;Sereno;Normale;Buona;Ore Diurne;0;0;0;3;12,50027;41,90612;-1;2;Autovettura privata;In marcia / fermata / arresto;Passeggero;F;Illeso;0;;;
2684473;2;07/02/2016 01:15;Strada Urbana;VIALE ARRIGO BOITO;all'intersezione con;VIA RUGGERO LEONCAVALLO;VIA RUGGERO LEONCAVALLO;;;Scontro frontale/laterale SX fra veicoli in marcia;Incrocio;Una carreggiata a senso unico di marcia;Asciutto;Asfaltata;Verticale ed orizzontale;Sereno;Scarso;Sufficiente;Sufficiente;0;0;0;3;12,51256;41,93667;-1;1;Autovettura privata;In marcia / fermata / arresto;Conducente;F;Illeso;0;;;
2684473;2;07/02/2016 01:15;Strada Urbana;VIALE ARRIGO BOITO;all'intersezione con;VIA RUGGERO LEONCAVALLO;VIA RUGGERO LEONCAVALLO;;;Scontro frontale/laterale SX fra veicoli in marcia;Incrocio;Una carreggiata a senso unico di marcia;Asciutto;Asfaltata;Verticale ed orizzontale;Sereno;Scarso;Sufficiente;Sufficiente;0;0;0;3;12,51256;41,93667;-1;1;Autovettura privata;In marcia / fermata / arresto;Passeggero;F;Illeso;0;;;
2684473;2;07/02/2016 01:15;Strada Urbana;VIALE ARRIGO BOITO;all'intersezione con;VIA RUGGERO LEONCAVALLO;VIA RUGGERO LEONCAVALLO;;;Scontro frontale/laterale SX fra veicoli in marcia;Incrocio;Una carreggiata a senso unico di marcia;Asciutto;Asfaltata;Verticale ed orizzontale;Sereno;Scarso;Sufficiente;Sufficiente;0;0;0;3;12,51256;41,93667;-1;2;Autovettura privata;In marcia / fermata / arresto;Conducente;M;Illeso;0;;;
2684591;13;06/02/2016 10:00;Strada Urbana;VIA AGOSTINO SCAPARRO;da specificare;;;;in prossimità di Via F. Paolini;Scontro laterale fra veicoli in marcia;Rettilineo;Una carreggiata a senso unico di marcia;Asciutto;Asfaltata;Verticale ed orizzontale;Sereno;Scarso;Buona;Ore Diurne;0;0;0;2;12,28747;41,73176;-1;1;Autovettura privata;In marcia / fermata / arresto;Conducente;F;Illeso;0;;;
2684591;13;06/02/2016 10:00;Strada Urbana;VIA AGOSTINO SCAPARRO;da specificare;;;;in prossimità di Via F. Paolini;Scontro laterale fra veicoli in marcia;Rettilineo;Una carreggiata a senso unico di marcia;Asciutto;Asfaltata;Verticale ed orizzontale;Sereno;Scarso;Buona;Ore Diurne;0;0;0;2;12,28747;41,73176;-1;2;Autovettura privata;In marcia / fermata / arresto;Conducente;M;Illeso;0;;;
2684592;13;06/02/2016 10:05;Strada Urbana;VIALE DI CASTEL PORZIANO;all'intersezione con;VIA ERMANNO WOLF FERRARI;VIA ERMANNO WOLF FERRARI;;;Scontro frontale/laterale DX fra veicoli in marcia;Incrocio;Una carreggiata a doppio senso;Asciutto;Asfaltata;Verticale ed orizzontale;Sereno;Normale;Buona;Ore Diurne;1;0;0;1;12,38264;41,74015;-1;1;Autovettura privata;In marcia / fermata / arresto;Conducente;M;Rimandato;0;NON DECEDUTO;;
2684592;13;06/02/2016 10:05;Strada Urbana;VIALE DI CASTEL PORZIANO;all'intersezione con;VIA ERMANNO WOLF FERRARI;VIA ERMANNO WOLF FERRARI;;;Scontro frontale/laterale DX fra veicoli in marcia;Incrocio;Una carreggiata a doppio senso;Asciutto;Asfaltata;Verticale ed orizzontale;Sereno;Normale;Buona;Ore Diurne;1;0;0;1;12,38264;41,74015;-1;2;Autovettura privata;In marcia / fermata / arresto;Conducente;M;Illeso;0;;;
2684593;13;06/02/2016 16:30;Strada Urbana;VIA FRANCESCO CILEA;in corrispondenza;;del civico n.;5;;Tamponamento;Rettilineo;Una carreggiata a doppio senso;Asciutto;Asfaltata;Assente;Sereno;Normale;Buona;Ore Diurne;0;0;0;2;12,37559;41,73905;-1;1;Autovettura privata;In marcia / fermata / arresto;Conducente;F;Illeso;0;;;
2684593;13;06/02/2016 16:30;Strada Urbana;VIA FRANCESCO CILEA;in corrispondenza;;del civico n.;5;;Tamponamento;Rettilineo;Una carreggiata a doppio senso;Asciutto;Asfaltata;Assente;Sereno;Normale;Buona;Ore Diurne;0;0;0;2;12,37559;41,73905;-1;2;Motociclo a solo;In marcia / fermata / arresto;Conducente;M;Illeso;0;;;
2684597;13;06/02/2016 20:50;Strada Urbana;VIA CARLO CASINI;all'intersezione con;VIA GIOVANNI DELLA PENNA;VIA GIOVANNI DELLA PENNA;;;Scontro frontale/laterale DX fra veicoli in marcia;Incrocio;Una carreggiata a senso unico di marcia;Asciutto;Asfaltata;Verticale;Sereno;Scarso;Sufficiente;Sufficiente;4;0;0;1;12,33998;41,77787;-1;1;Autovettura privata;In marcia / fermata / arresto;Conducente;M;Rimandato;0;NON DECEDUTO;Non accertato;Inesploso
2684597;13;06/02/2016 20:50;Strada Urbana;VIA CARLO CASINI;all'intersezione con;VIA GIOVANNI DELLA PENNA;VIA GIOVANNI DELLA PENNA;;;Scontro frontale/laterale DX fra veicoli in marcia;Incrocio;Una carreggiata a senso unico di marcia;Asciutto;Asfaltata;Verticale;Sereno;Scarso;Sufficiente;Sufficiente;4;0;0;1;12,33998;41,77787;-1;1;Autovettura privata;In marcia / fermata / arresto;Passeggero;F;Rimandato;0;NON DECEDUTO;Non accertato;Inesploso
2684597;13;06/02/2016 20:50;Strada Urbana;VIA CARLO CASINI;all'intersezione con;VIA GIOVANNI DELLA PENNA;VIA GIOVANNI DELLA PENNA;;;Scontro frontale/laterale DX fra veicoli in marcia;Incrocio;Una carreggiata a senso unico di marcia;Asciutto;Asfaltata;Verticale;Sereno;Scarso;Sufficiente;Sufficiente;4;0;0;1;12,33998;41,77787;-1;2;Autovettura privata;In marcia / fermata / arresto;Conducente;F;Rimandato;0;NON DECEDUTO;Non accertato;Inesploso
2684597;13;06/02/2016 20:50;Strada Urbana;VIA CARLO CASINI;all'intersezione con;VIA GIOVANNI DELLA PENNA;VIA GIOVANNI DELLA PENNA;;;Scontro frontale/laterale DX fra veicoli in marcia;Incrocio;Una carreggiata a senso unico di marcia;Asciutto;Asfaltata;Verticale;Sereno;Scarso;Sufficiente;Sufficiente;4;0;0;1;12,33998;41,77787;-1;2;Autovettura privata;In marcia / fermata / arresto;Passeggero;F;Illeso;0;;Non accertato;Inesploso
2684597;13;06/02/2016 20:50;Strada Urbana;VIA CARLO CASINI;all'intersezione con;VIA GIOVANNI DELLA PENNA;VIA GIOVANNI DELLA PENNA;;;Scontro frontale/laterale DX fra veicoli in marcia;Incrocio;Una carreggiata a senso unico di marcia;Asciutto;Asfaltata;Verticale;Sereno;Scarso;Sufficiente;Sufficiente;4;0;0;1;12,33998;41,77787;-1;2;Autovettura privata;In marcia / fermata / arresto;Passeggero;F;Rimandato;0;NON DECEDUTO;Non accertato;Inesploso
2684600;13;06/02/2016 21:00;Strada Urbana;VIA CREMOSANO;all'intersezione con;VIA CASTELLUCCHIO;VIA CASTELLUCCHIO;;;Scontro frontale/laterale SX fra veicoli in marcia;Incrocio;Una carreggiata a doppio senso;Asciutto;Asfaltata;Assente;Sereno;Scarso;Buona;Sufficiente;3;0;0;1;12,32758;41,78222;-1;1;Autovettura privata;In marcia / fermata / arresto;Conducente;F;Rimandato;0;NON DECEDUTO;;
2684600;13;06/02/2016 21:00;Strada Urbana;VIA CREMOSANO;all'intersezione con;VIA CASTELLUCCHIO;VIA CASTELLUCCHIO;;;Scontro frontale/laterale SX fra veicoli in marcia;Incrocio;Una carreggiata a doppio senso;Asciutto;Asfaltata;Assente;Sereno;Scarso;Buona;Sufficiente;3;0;0;1;12,32758;41,78222;-1;2;Autovettura privata;In marcia / fermata / arresto;Conducente;M;Rimandato;0;NON DECEDUTO;Non accertato;
2684600;13;06/02/2016 21:00;Strada Urbana;VIA CREMOSANO;all'intersezione con;VIA CASTELLUCCHIO;VIA CASTELLUCCHIO;;;Scontro frontale/laterale SX fra veicoli in marcia;Incrocio;Una carreggiata a doppio senso;Asciutto;Asfaltata;Assente;Sereno;Scarso;Buona;Sufficiente;3;0;0;1;12,32758;41,78222;-1;2;Autovettura privata;In marcia / fermata / arresto;Passeggero;M;Ricoverato;0;NON DECEDUTO;Non accertato;Inesploso
2684600;13;06/02/2016 21:00;Strada Urbana;VIA CREMOSANO;all'intersezione con;VIA CASTELLUCCHIO;VIA CASTELLUCCHIO;;;Scontro frontale/laterale SX fra veicoli in marcia;Incrocio;Una carreggiata a doppio senso;Asciutto;Asfaltata;Assente;Sereno;Scarso;Buona;Sufficiente;3;0;0;1;12,32758;41,78222;-1;2;Autovettura privata;In marcia / fermata / arresto;Passeggero;F;Illeso;0;;Non accertato;
2684601;20;06/02/2016 09:15;Strada Urbana;VIA TIBERINA;da specificare;;;;altezza civico 150 direzione fuori città;Tamponamento;Rettilineo;Una carreggiata a doppio senso;Asciutto;Asfaltata;Verticale ed orizzontale;Sereno;Normale;Buona;Ore Diurne;1;0;0;1;12,50211;42,01088;-1;1;Autovettura privata;In marcia / fermata / arresto;Conducente;F;Rimandato;0;NON DECEDUTO;;
2684601;20;06/02/2016 09:15;Strada Urbana;VIA TIBERINA;da specificare;;;;altezza civico 150 direzione fuori città;Tamponamento;Rettilineo;Una carreggiata a doppio senso;Asciutto;Asfaltata;Verticale ed orizzontale;Sereno;Normale;Buona;Ore Diurne;1;0;0;1;12,50211;42,01088;-1;2;Autobus in extraurbana;In marcia / fermata / arresto;Conducente;M;Illeso;0;;;
2684605;13;10/02/2016 12:20;Strada Urbana;VIALE DI CASTEL PORZIANO;all'intersezione con;VIA DEL CANALE DELLA LINGUA;VIA DEL CANALE DELLA LINGUA;;;Scontro frontale fra veicoli in marcia;Incrocio;Una carreggiata a doppio senso;Asciutto;Asfaltata;Verticale ed orizzontale;Nuvoloso;Intenso;Buona;Ore Diurne;0;0;0;2;12,35067;41,73209;-1;1;Autovettura privata;In marcia / fermata / arresto;Conducente;M;Illeso;0;;;
2684605;13;10/02/2016 12:20;Strada Urbana;VIALE DI CASTEL PORZIANO;all'intersezione con;VIA DEL CANALE DELLA LINGUA;VIA DEL CANALE DELLA LINGUA;;;Scontro frontale fra veicoli in marcia;Incrocio;Una carreggiata a doppio senso;Asciutto;Asfaltata;Verticale ed orizzontale;Nuvoloso;Intenso;Buona;Ore Diurne;0;0;0;2;12,35067;41,73209;-1;2;Autovettura privata;In marcia / fermata / arresto;Conducente;M;Illeso;0;;;
2684651;6;06/02/2016 23:17;Strada Urbana;VIA TOR DE' SCHIAVI;in prossimità;;del civico n.;386;;Scontro laterale fra veicoli in marcia;Rettilineo;Due carreggiate;Asciutto;Asfaltata;Assente;Sereno;Scarso;Sufficiente;Sufficiente;0;0;0;5;12,55989;41,89279;-1;1;Autovettura privata;In marcia / fermata / arresto;Conducente;M;Illeso;0;;Non accertato;Inesploso
2684651;6;06/02/2016 23:17;Strada Urbana;VIA TOR DE' SCHIAVI;in prossimità;;del civico n.;386;;Scontro laterale fra veicoli in marcia;Rettilineo;Due carreggiate;Asciutto;Asfaltata;Assente;Sereno;Scarso;Sufficiente;Sufficiente;0;0;0;5;12,55989;41,89279;-1;1;Autovettura privata;In marcia / fermata / arresto;Passeggero;F;Illeso;0;;Non accertato;Inesploso
2684651;6;06/02/2016 23:17;Strada Urbana;VIA TOR DE' SCHIAVI;in prossimità;;del civico n.;386;;Scontro laterale fra veicoli in marcia;Rettilineo;Due carreggiate;Asciutto;Asfaltata;Assente;Sereno;Scarso;Sufficiente;Sufficiente;0;0;0;5;12,55989;41,89279;-1;2;Autovettura privata;In marcia / fermata / arresto;Conducente;M;Illeso;0;;Non accertato;Inesploso
2684651;6;06/02/2016 23:17;Strada Urbana;VIA TOR DE' SCHIAVI;in prossimità;;del civico n.;386;;Scontro laterale fra veicoli in marcia;Rettilineo;Due carreggiate;Asciutto;Asfaltata;Assente;Sereno;Scarso;Sufficiente;Sufficiente;0;0;0;5;12,55989;41,89279;-1;2;Autovettura privata;In marcia / fermata / arresto;Passeggero;F;Illeso;0;;Non accertato;Inesploso
2684651;6;06/02/2016 23:17;Strada Urbana;VIA TOR DE' SCHIAVI;in prossimità;;del civico n.;386;;Scontro laterale fra veicoli in marcia;Rettilineo;Due carreggiate;Asciutto;Asfaltata;Assente;Sereno;Scarso;Sufficiente;Sufficiente;0;0;0;5;12,55989;41,89279;-1;2;Autovettura privata;In marcia / fermata / arresto;Passeggero;F;Illeso;0;;Non accertato;Inesploso
2684663;20;06/02/2016 06:30;Strada Urbana;VIALE DI TOR DI QUINTO;in prossimità;;del civico n.;151;;Veicolo in marcia contro ostacolo fisso;Rettilineo;Due carreggiate;Asciutto;Asfaltata;Verticale ed orizzontale;Sereno;Scarso;Buona;Ore Diurne;1;0;0;1;12,48583;41,94715;-1;1;Autovettura privata;In marcia / fermata / arresto;Conducente;M;Illeso;0;;;
2684663;20;06/02/2016 06:30;Strada Urbana;VIALE DI TOR DI QUINTO;in prossimità;;del civico n.;151;;Veicolo in marcia contro ostacolo fisso;Rettilineo;Due carreggiate;Asciutto;Asfaltata;Verticale ed orizzontale;Sereno;Scarso;Buona;Ore Diurne;1;0;0;1;12,48583;41,94715;-1;2;Autovettura privata;In marcia / fermata / arresto;Conducente;M;Rimandato;0;NON DECEDUTO;;
2684681;6;07/02/2016 01:15;Strada Urbana;VIA TIBURTINA;all'intersezione semaforizzata con;VIA DEI DURANTINI;VIA DEI DURANTINI;;;Scontro laterale fra veicoli in marcia;Intersezione semaforizzata;Due carreggiate;Asciutto;Asfaltata;Verticale ed orizzontale;Sereno;Scarso;Sufficiente;Sufficiente;2;0;0;2;12,54234;41,90874;-1;1;Autovettura privata;In marcia / fermata / arresto;Conducente;M;Illeso;0;;;
2684681;6;07/02/2016 01:15;Strada Urbana;VIA TIBURTINA;all'intersezione semaforizzata con;VIA DEI DURANTINI;VIA DEI DURANTINI;;;Scontro laterale fra veicoli in marcia;Intersezione semaforizzata;Due carreggiate;Asciutto;Asfaltata;Verticale ed orizzontale;Sereno;Scarso;Sufficiente;Sufficiente;2;0;0;2;12,54234;41,90874;-1;1;Autovettura privata;In marcia / fermata / arresto;Passeggero;F;Illeso;0;;;
2684681;6;07/02/2016 01:15;Strada Urbana;VIA TIBURTINA;all'intersezione semaforizzata con;VIA DEI DURANTINI;VIA DEI DURANTINI;;;Scontro laterale fra veicoli in marcia;Intersezione semaforizzata;Due carreggiate;Asciutto;Asfaltata;Verticale ed orizzontale;Sereno;Scarso;Sufficiente;Sufficiente;2;0;0;2;12,54234;41,90874;-1;2;Motociclo con passeggero;In marcia / fermata / arresto;Conducente;M;Rimandato;0;NON DECEDUTO;;
2684681;6;07/02/2016 01:15;Strada Urbana;VIA TIBURTINA;all'intersezione semaforizzata con;VIA DEI DURANTINI;VIA DEI DURANTINI;;;Scontro laterale fra veicoli in marcia;Intersezione semaforizzata;Due carreggiate;Asciutto;Asfaltata;Verticale ed orizzontale;Sereno;Scarso;Sufficiente;Sufficiente;2;0;0;2;12,54234;41,90874;-1;2;Motociclo con passeggero;In marcia / fermata / arresto;Passeggero;M;Rimandato;0;NON DECEDUTO;;
2684682;1;07/02/2016 03:10;Strada Urbana;LUNGOTEVERE AVENTINO;in prossimità;;del palo luce n.;4;;Veicolo in marcia contro ostacolo fisso;Curva a visuale libera;Una carreggiata a senso unico di marcia;Asciutto;Asfaltata;Verticale ed orizzontale;Nuvoloso;Scarso;Buona;Sufficiente;1;0;0;0;12,47894;41,88549;-1;1;Autovettura privata;In marcia / fermata / arresto;Conducente;F;Rimandato;0;NON DECEDUTO;;
2684684;20;06/02/2016 15:10;Provinciale;VIA BRACCIANENSE;in prossimità;;della chilometrica;5.7;;Scontro frontale/laterale SX fra veicoli in marcia;Rettilineo;Una carreggiata a doppio senso;Asciutto;Asfaltata;Verticale ed orizzontale;Sereno;Normale;Buona;Ore Diurne;1;0;0;1;12,37291;42,01025;-1;1;Motociclo a solo;In marcia / fermata / arresto;Conducente;M;Rimandato;0;NON DECEDUTO;Non accertato;
2684684;20;06/02/2016 15:10;Provinciale;VIA BRACCIANENSE;in prossimità;;della chilometrica;5.7;;Scontro frontale/laterale SX fra veicoli in marcia;Rettilineo;Una carreggiata a doppio senso;Asciutto;Asfaltata;Verticale ed orizzontale;Sereno;Normale;Buona;Ore Diurne;1;0;0;1;12,37291;42,01025;-1;2;Autovettura privata;In marcia / fermata / arresto;Conducente;F;Illeso;0;;Non accertato;Inesploso
2684687;1;06/02/2016 11:45;Strada Urbana;VIA DI S. CROCE IN GERUSALEMME;in prossimità;;del civico n.;11;;Scontro frontale/laterale SX fra veicoli in marcia;Rettilineo;Una carreggiata a doppio senso;Asciutto;Asfaltata;Orizzontale;Sereno;Normale;Buona;Ore Diurne;1;0;0;1;12,51413;41,88914;-1;1;Autovettura privata;In marcia / fermata / arresto;Conducente;M;Illeso;0;;;
2684687;1;06/02/2016 11:45;Strada Urbana;VIA DI S. CROCE IN GERUSALEMME;in prossimità;;del civico n.;11;;Scontro frontale/laterale SX fra veicoli in marcia;Rettilineo;Una carreggiata a doppio senso;Asciutto;Asfaltata;Orizzontale;Sereno;Normale;Buona;Ore Diurne;1;0;0;1;12,51413;41,88914;-1;2;Motociclo a solo;In marcia / fermata / arresto;Conducente;F;Rimandato;0;NON DECEDUTO;;
2684691;1;06/02/2016 19:45;Strada Urbana;VIA DEI MILLE;all'intersezione con;VIA MARGHERA;VIA MARGHERA;;;Scontro frontale/laterale DX fra veicoli in marcia;Intersezione non regolata/non segnalata;Una carreggiata a senso unico di marcia;Asciutto;Asfaltata;Verticale ed orizzontale;Sereno;Normale;Buona;Sufficiente;0;0;0;2;12,5043;41,9029;-1;1;Autovettura privata;In marcia / fermata / arresto;Conducente;M;Illeso;0;;;
2684691;1;06/02/2016 19:45;Strada Urbana;VIA DEI MILLE;all'intersezione con;VIA MARGHERA;VIA MARGHERA;;;Scontro frontale/laterale DX fra veicoli in marcia;Intersezione non regolata/non segnalata;Una carreggiata a senso unico di marcia;Asciutto;Asfaltata;Verticale ed orizzontale;Sereno;Normale;Buona;Sufficiente;0;0;0;2;12,5043;41,9029;-1;2;Autovettura pubblica;In marcia / fermata / arresto;Conducente;M;Illeso;0;;;
2684693;20;07/02/2016 01:10;Strada Urbana;VIALE DI TOR DI QUINTO;in prossimità;;del civico n.;110;;Scontro laterale fra veicoli in marcia;Rettilineo;Più di due carreggiate;Asciutto;Asfaltata;Verticale ed orizzontale;Sereno;Scarso;Buona;Sufficiente;0;0;0;3;12,48546;41,94394;-1;1;Autovettura privata;In marcia / fermata / arresto;Conducente;M;Illeso;0;;;
2684693;20;07/02/2016 01:10;Strada Urbana;VIALE DI TOR DI QUINTO;in prossimità;;del civico n.;110;;Scontro laterale fra veicoli in marcia;Rettilineo;Più di due carreggiate;Asciutto;Asfaltata;Verticale ed orizzontale;Sereno;Scarso;Buona;Sufficiente;0;0;0;3;12,48546;41,94394;-1;2;Autovettura privata;In marcia / fermata / arresto;Conducente;F;Illeso;0;;;
2684693;20;07/02/2016 01:10;Strada Urbana;VIALE DI TOR DI QUINTO;in prossimità;;del civico n.;110;;Scontro laterale fra veicoli in marcia;Rettilineo;Più di due carreggiate;Asciutto;Asfaltata;Verticale ed orizzontale;Sereno;Scarso;Buona;Sufficiente;0;0;0;3;12,48546;41,94394;-1;2;Autovettura privata;In marcia / fermata / arresto;Passeggero;M;Illeso;0;;;
2684700;13;06/02/2016 22:00;Strada Urbana;VIALE DEI ROMAGNOLI;da specificare;;;;altezza V Collettore Primario;Scontro frontale/laterale SX fra veicoli in marcia;Rettilineo;Una carreggiata a doppio senso;Asciutto;Asfaltata;Verticale;Sereno;Normale;Sufficiente;Sufficiente;1;0;0;3;12,31072;41,76432;-1;1;Autovettura privata;In marcia / fermata / arresto;Conducente;M;Illeso;0;;;
2684700;13;06/02/2016 22:00;Strada Urbana;VIALE DEI ROMAGNOLI;da specificare;;;;altezza V Collettore Primario;Scontro frontale/laterale SX fra veicoli in marcia;Rettilineo;Una carreggiata a doppio senso;Asciutto;Asfaltata;Verticale;Sereno;Normale;Sufficiente;Sufficiente;1;0;0;3;12,31072;41,76432;-1;1;Autovettura privata;In marcia / fermata / arresto;Passeggero;M;Illeso;0;;;
2684700;13;06/02/2016 22:00;Strada Urbana;VIALE DEI ROMAGNOLI;da specificare;;;;altezza V Collettore Primario;Scontro frontale/laterale SX fra veicoli in marcia;Rettilineo;Una carreggiata a doppio senso;Asciutto;Asfaltata;Verticale;Sereno;Normale;Sufficiente;Sufficiente;1;0;0;3;12,31072;41,76432;-1;2;Autovettura privata;In marcia / fermata / arresto;Conducente;M;Illeso;0;;;
2684700;13;06/02/2016 22:00;Strada Urbana;VIALE DEI ROMAGNOLI;da specificare;;;;altezza V Collettore Primario;Scontro frontale/laterale SX fra veicoli in marcia;Rettilineo;Una carreggiata a doppio senso;Asciutto;Asfaltata;Verticale;Sereno;Normale;Sufficiente;Sufficiente;1;0;0;3;12,31072;41,76432;-1;3;Autovettura privata;In marcia / fermata / arresto;Conducente;M;Rimandato;0;NON DECEDUTO;;
2684760;12;05/02/2016 15:10;Strada Urbana;VIA FRANCESCO SAPORI;all'intersezione con;VIALE IGNAZIO SILONE;VIALE IGNAZIO SILONE;;;Veicolo in marcia contro ostacolo accidentale;Rotatoria;Una carreggiata a senso unico di marcia;Asciutto;Strada pavimentata dissestata;Verticale ed orizzontale;Sereno;Normale;Buona;Ore Diurne;0;0;0;1;12,48403;41,81114;-1;1;Autovettura privata;In marcia / fermata / arresto;Conducente;M;Illeso;0;;Utilizzato;Inesploso
2684766;12;05/02/2016 15:40;Strada Urbana;VIALE DELL'AERONAUTICA;da specificare;;;;prossimità Via dei Pirenei;Scontro laterale fra veicoli in marcia;Rettilineo;Una carreggiata a doppio senso;Asciutto;Asfaltata;Verticale ed orizzontale;Sereno;Normale;Buona;Ore Diurne;0;0;0;4;12,47392;41,82628;-1;1;Autovettura privata;In marcia / fermata / arresto;Conducente;F;Illeso;0;;Utilizzato;Inesploso
2684766;12;05/02/2016 15:40;Strada Urbana;VIALE DELL'AERONAUTICA;da specificare;;;;prossimità Via dei Pirenei;Scontro laterale fra veicoli in marcia;Rettilineo;Una carreggiata a doppio senso;Asciutto;Asfaltata;Verticale ed orizzontale;Sereno;Normale;Buona;Ore Diurne;0;0;0;4;12,47392;41,82628;-1;1;Autovettura privata;In marcia / fermata / arresto;Passeggero;M;Illeso;0;;Utilizzato;Inesistente
2684766;12;05/02/2016 15:40;Strada Urbana;VIALE DELL'AERONAUTICA;da specificare;;;;prossimità Via dei Pirenei;Scontro laterale fra veicoli in marcia;Rettilineo;Una carreggiata a doppio senso;Asciutto;Asfaltata;Verticale ed orizzontale;Sereno;Normale;Buona;Ore Diurne;0;0;0;4;12,47392;41,82628;-1;2;Autovettura privata;In marcia / fermata / arresto;Conducente;M;Illeso;0;;Utilizzato;Inesploso
2684766;12;05/02/2016 15:40;Strada Urbana;VIALE DELL'AERONAUTICA;da specificare;;;;prossimità Via dei Pirenei;Scontro laterale fra veicoli in marcia;Rettilineo;Una carreggiata a doppio senso;Asciutto;Asfaltata;Verticale ed orizzontale;Sereno;Normale;Buona;Ore Diurne;0;0;0;4;12,47392;41,82628;-1;2;Autovettura privata;In marcia / fermata / arresto;Passeggero;F;Illeso;0;;Utilizzato;Inesploso
2684786;12;05/02/2016 19:30;Strada Urbana;VIADOTTO DELLA MAGLIANA;da specificare;;;;direz. Fiumicino prossimità v. del Cappellaccio;Tamponamento Multiplo;Rettilineo;Due carreggiate;Asciutto;Asfaltata;Verticale ed orizzontale;Sereno;Intenso;Buona;Sufficiente;0;0;0;3;12,46011;41,83864;-1;1;Autovettura privata;In marcia / fermata / arresto;Conducente;M;Illeso;0;;Utilizzato;Inesploso
2684786;12;05/02/2016 19:30;Strada Urbana;VIADOTTO DELLA MAGLIANA;da specificare;;;;direz. Fiumicino prossimità v. del Cappellaccio;Tamponamento Multiplo;Rettilineo;Due carreggiate;Asciutto;Asfaltata;Verticale ed orizzontale;Sereno;Intenso;Buona;Sufficiente;0;0;0;3;12,46011;41,83864;-1;2;Autovettura privata;In marcia / fermata / arresto;Conducente;M;Illeso;0;;Utilizzato;Inesploso
2684786;12;05/02/2016 19:30;Strada Urbana;VIADOTTO DELLA MAGLIANA;da specificare;;;;direz. Fiumicino prossimità v. del Cappellaccio;Tamponamento Multiplo;Rettilineo;Due carreggiate;Asciutto;Asfaltata;Verticale ed orizzontale;Sereno;Intenso;Buona;Sufficiente;0;0;0;3;12,46011;41,83864;-1;3;Autovettura privata;In marcia / fermata / arresto;Conducente;F;Illeso;0;;Utilizzato;Esploso
2684970;10;06/02/2016 16:00;Strada Urbana;PIAZZA DI CINECITTA';in corrispondenza;;del civico n.;60;;Investimento di pedone;Rettilineo;Una carreggiata a doppio senso;Asciutto;Asfaltata;Verticale ed orizzontale;Sereno;Normale;Buona;Ore Diurne;0;0;0;2;12,5676;41,8535;-1;;;;Pedone;M;Illeso;0;;;
2684970;10;06/02/2016 16:00;Strada Urbana;PIAZZA DI CINECITTA';in corrispondenza;;del civico n.;60;;Investimento di pedone;Rettilineo;Una carreggiata a doppio senso;Asciutto;Asfaltata;Verticale ed orizzontale;Sereno;Normale;Buona;Ore Diurne;0;0;0;2;12,5676;41,8535;-1;1;Autovettura privata;In marcia / fermata / arresto;Conducente;M;Illeso;0;;Non accertato;
2685097;13;07/02/2016 12:00;Strada Urbana;VIALE CHARLES LENORMANT;da specificare;;;;fronte civico 242;Scontro laterale fra veicoli in marcia;Rettilineo;Una carreggiata a senso unico di marcia;Asciutto;Asfaltata;Verticale ed orizzontale;Nuvoloso;Scarso;Buona;Ore Diurne;0;0;0;2;12,32929;41,77281;-1;1;Autovettura privata;In marcia / fermata / arresto;Conducente;M;Illeso;0;;Non accertato;Inesploso
2685097;13;07/02/2016 12:00;Strada Urbana;VIALE CHARLES LENORMANT;da specificare;;;;fronte civico 242;Scontro laterale fra veicoli in marcia;Rettilineo;Una carreggiata a senso unico di marcia;Asciutto;Asfaltata;Verticale ed orizzontale;Nuvoloso;Scarso;Buona;Ore Diurne;0;0;0;2;12,32929;41,77281;-1;2;Autovettura privata;In marcia / fermata / arresto;Conducente;F;Illeso;0;;Non accertato;Inesploso
2685110;10;06/02/2016 17:10;Strada Urbana;VIA ANAGNINA;in corrispondenza;;del civico n.;458;;Tamponamento Multiplo;Rettilineo;Due carreggiate;Asciutto;Asfaltata;Verticale ed orizzontale;Sereno;Normale;Sufficiente;Sufficiente;1;0;0;5;12,62493;41,81102;-1;1;Autovettura privata;In marcia / fermata / arresto;Conducente;F;Illeso;0;;Non accertato;Inesploso