Protocollo;Gruppo;DataOraIncidente;Localizzazione1;STRADA1;Localizzazione2;STRADA2;Strada02;Chilometrica;DaSpecificare;NaturaIncidente;particolaritastrade;TipoStrada;FondoStradale;Pavimentazione;Segnaletica;CondizioneAtmosferica;Traffico;Visibilita;Illuminazione;NUM_FERITI;NUM_RISERVATA;NUM_MORTI;NUM_ILLESI;Longitudine;Latitudine;Confermato;Progressivo;TipoVeicolo;StatoVeicolo;TipoPersona;Sesso;Tipolesione;Deceduto;DecedutoDopo;CinturaCascoUtilizzato;Airbag
2691728;17;11/02/2016 15:15;Strada Urbana;VIA TERENZIO;in corrispondenza;;del civico n.;13;;Tamponamento Multiplo;Rettilineo;Una carreggiata a senso unico di marcia;Asciutto;Asfaltata;Verticale ed orizzontale;Sereno;Normale;Buona;Ore Diurne;0;0;0;4;12,46295;41,90693;-1;3;Autovettura pubblica;In marcia / fermata / arresto;Conducente;M;Illeso;0;;Non accertato;Inesploso
2691729;2;11/02/2016 18:30;Strada Urbana;PIAZZA GIUSEPPE VERDI;all'intersezione con;VIA GIOVANNI BATTISTA MARTINI;VIA GIOVANNI BATTISTA MARTINI;;;Ribaltamento senza urto contro ostacolo fisso;Incrocio;Una carreggiata a doppio senso;Asciutto;Asfaltata;Verticale ed orizzontale;Sereno;Normale;Sufficiente;Sufficiente;1;0;0;1;12,49507;41,91951;-1;1;Motociclo a solo;In marcia / fermata / arresto;Conducente;M;Rifiuta cure immediate;0;NON DECEDUTO;Non accertato;
2691729;2;11/02/2016 18:30;Strada Urbana;PIAZZA GIUSEPPE VERDI;all'intersezione con;VIA GIOVANNI BATTISTA MARTINI;VIA GIOVANNI BATTISTA MARTINI;;;Ribaltamento senza urto contro ostacolo fisso;Incrocio;Una carreggiata a doppio senso;Asciutto;Asfaltata;Verticale ed orizzontale;Sereno;Normale;Sufficiente;Sufficiente;1;0;0;1;12,49507;41,91951;-1;2;Autovettura privata;In marcia / fermata / arresto;Conducente;M;Illeso;0;;;
2691745;2;10/02/2016 19:30;Strada Urbana;VIA CARLO DOLCI;in prossimità;;del civico n.;6;;Veicolo in marcia contro ostacolo accidentale;Rettilineo;Una carreggiata a senso unico di marcia;Asciutto;In cubetti di porfido;Assente;Sereno;Scarso;Buona;Sufficiente;0;0;0;1;12,47344;41,92376;-1;1;Autovettura privata;In marcia / fermata / arresto;Conducente;M;Illeso;0;;;
2691752;9;09/02/2016 19:30;Strada Urbana;PIAZZA EPIRO;all'intersezione con;VIA BEATA MARIA DE MATTIAS;VIA BEATA MARIA DE MATTIAS;;;Investimento di pedone;Incrocio;Due carreggiate;Asciutto;Asfaltata;Verticale ed orizzontale;Sereno;Normale;Sufficiente;Sufficiente;1;0;0;0;12,50298;41,87898;-1;;;;Pedone;M;Rimandato;0;NON DECEDUTO;;
2691825;18;02/02/2016 11:30;Strada Urbana;VIA DELLA CELLULOSA;in prossimità;;del civico n.;48;;Tamponamento;Rettilineo;Una carreggiata a doppio senso;Asciutto;Asfaltata;Assente;Sereno;Scarso;Buona;Ore Diurne;1;0;0;1;12,36522;41,92105;-1;1;Autovettura privata;In marcia / fermata / arresto;Conducente;F;Illeso;0;;;
2691825;18;02/02/2016 11:30;Strada Urbana;VIA DELLA CELLULOSA;in prossimità;;del civico n.;48;;Tamponamento;Rettilineo;Una carreggiata a doppio senso;Asciutto;Asfaltata;Assente;Sereno;Scarso;Buona;Ore Diurne;1;0;0;1;12,36522;41,92105;-1;2;Autovettura privata;In marcia / fermata / arresto;Conducente;M;Rifiuta cure immediate;0;NON DECEDUTO;;
2691839;19;12/02/2016 10:50;Strada Urbana;VIA DELLA BALDUINA;all'intersezione con;VIA MASSIMI;VIA MASSIMI;;;Tamponamento Multiplo;Incrocio;Una carreggiata a doppio senso;Asciutto;Asfaltata;Verticale ed orizzontale;Nuvoloso;Scarso;Buona;Ore Diurne;0;0;0;4;12,4426;41,92801;-1;1;Autocarro inferiore 35 q.;In marcia / fermata / arresto;Conducente;M;Illeso;0;;Non accertato;Inesploso
2691839;19;12/02/2016 10:50;Strada Urbana;VIA DELLA BALDUINA;all'intersezione con;VIA MASSIMI;VIA MASSIMI;;;Tamponamento Multiplo;Incrocio;Una carreggiata a doppio senso;Asciutto;Asfaltata;Verticale ed orizzontale;Nuvoloso;Scarso;Buona;Ore Diurne;0;0;0;4;12,4426;41,92801;-1;2;Autovettura privata;In marcia / fermata / arresto;Conducente;M;Illeso;0;;Non accertato;Inesploso
2691839;19;12/02/2016 10:50;Strada Urbana;VIA DELLA BALDUINA;all'intersezione con;VIA MASSIMI;VIA MASSIMI;;;Tamponamento Multiplo;Incrocio;Una carreggiata a doppio senso;Asciutto;Asfaltata;Verticale ed orizzontale;Nuvoloso;Scarso;Buona;Ore Diurne;0;0;0;4;12,4426;41,92801;-1;2;Autovettura privata;In marcia / fermata / arresto;Passeggero;F;Illeso;0;;Non accertato;Inesploso
2691839;19;12/02/2016 10:50;Strada Urbana;VIA DELLA BALDUINA;all'intersezione con;VIA MASSIMI;VIA MASSIMI;;;Tamponamento Multiplo;Incrocio;Una carreggiata a doppio senso;Asciutto;Asfaltata;Verticale ed orizzontale;Nuvoloso;Scarso;Buona;Ore Diurne;0;0;0;4;12,4426;41,92801;-1;3;Autovettura privata;In marcia / fermata / arresto;Conducente;M;Illeso;0;;Non accertato;Inesploso
2691891;18;03/02/2016 11:00;Strada Urbana;VIA DI BOCCEA;in corrispondenza;;del civico n.;647/C;;Investimento di pedone;Curva a visuale libera;Una carreggiata a doppio senso;Asciutto;Asfaltata;Orizzontale;Nuvoloso;Normale;Buona;Ore Diurne;1;0;0;1;12,3753;41,92146;-1;;;;Pedone;F;Ricoverato;0;NON DECEDUTO;;
2691891;18;03/02/2016 11:00;Strada Urbana;VIA DI BOCCEA;in corrispondenza;;del civico n.;647/C;;Investimento di pedone;Curva a visuale libera;Una carreggiata a doppio senso;Asciutto;Asfaltata;Orizzontale;Nuvoloso;Normale;Buona;Ore Diurne;1;0;0;1;12,3753;41,92146;-1;1;Autovettura privata;In marcia / fermata / arresto;Conducente;F;Illeso;0;;;
2691901;15;12/02/2016 09:35;Strada Urbana;VIADOTTO DELLA MAGLIANA;da specificare;;;;rampa immissione Viadotto dir. EUR;Scontro laterale fra veicoli in marcia;Rettilineo;Due carreggiate;Asciutto;Asfaltata;Orizzontale;Sereno;Intenso;Buona;Ore Diurne;0;0;0;2;12,45101;41,83835;-1;1;Autocarro inferiore 35 q.;In marcia / fermata / arresto;Conducente;M;Illeso;0;;;
2691901;15;12/02/2016 09:35;Strada Urbana;VIADOTTO DELLA MAGLIANA;da specificare;;;;rampa immissione Viadotto dir. EUR;Scontro laterale fra veicoli in marcia;Rettilineo;Due carreggiate;Asciutto;Asfaltata;Orizzontale;Sereno;Intenso;Buona;Ore Diurne;0;0;0;2;12,45101;41,83835;-1;2;Autocarro inferiore 35 q.;In marcia / fermata / arresto;Conducente;M;Illeso;0;;;
2692057;4;12/02/2016 13:20;Provinciale;VIA NOMENTANA;da specificare;;;;fronte rampa GRA carreggiata interna;Scontro frontale/laterale DX fra veicoli in marcia;Rettilineo;Due carreggiate;Bagnato (pioggia);Asfaltata;Verticale ed orizzontale;Nuvoloso;Normale;Buona;Ore Diurne;1;0;0;1;12,55238;41,94111;-1;1;Autovettura privata;In marcia / fermata / arresto;Conducente;F;Illeso;0;;Non accertato;Inesploso
2692057;4;12/02/2016 13:20;Provinciale;VIA NOMENTANA;da specificare;;;;fronte rampa GRA carreggiata interna;Scontro frontale/laterale DX fra veicoli in marcia;Rettilineo;Due carreggiate;Bagnato (pioggia);Asfaltata;Verticale ed orizzontale;Nuvoloso;Normale;Buona;Ore Diurne;1;0;0;1;12,55238;41,94111;-1;2;Motociclo a solo;In marcia / fermata / arresto;Conducente;M;Rimandato;0;NON DECEDUTO;Non accertato;
2692127;9;12/02/2016 11:05;Strada Urbana;VIA APPIA NUOVA;in corrispondenza;;del civico n.;266;;Scontro laterale fra veicoli in marcia;Rettilineo;Due carreggiate;Asciutto;Asfaltata;Orizzontale;Sereno;Normale;Buona;Ore Diurne;0;0;0;2;12,51701;41,87924;-1;1;Autovettura privata;In marcia / fermata / arresto;Conducente;F;Illeso;0;;Non accertato;Inesploso
2692127;9;12/02/2016 11:05;Strada Urbana;VIA APPIA NUOVA;in corrispondenza;;del civico n.;266;;Scontro laterale fra veicoli in marcia;Rettilineo;Due carreggiate;Asciutto;Asfaltata;Orizzontale;Sereno;Normale;Buona;Ore Diurne;0;0;0;2;12,51701;41,87924;-1;2;Motociclo a solo;In marcia / fermata / arresto;Conducente;F;Illeso;0;;Non accertato;
2692159;6;12/02/2016 15:40;Strada Urbana;VIALE DELL'ACQUEDOTTO ALESSANDRINO;in prossimità;;del civico n.;142;;Scontro laterale fra veicoli in marcia;Curva a visuale libera;Una carreggiata a senso unico di marcia;Bagnato (pioggia);Asfaltata;Orizzontale;Nuvoloso;Normale;Buona;Ore Diurne;1;0;0;1;12,54677;41,87633;-1;1;Autovettura privata;In marcia / fermata / arresto;Conducente;M;Illeso;0;;Non accertato;Inesploso
2692159;6;12/02/2016 15:40;Strada Urbana;VIALE DELL'ACQUEDOTTO ALESSANDRINO;in prossimità;;del civico n.;142;;Scontro laterale fra veicoli in marcia;Curva a visuale libera;Una carreggiata a senso unico di marcia;Bagnato (pioggia);Asfaltata;Orizzontale;Nuvoloso;Normale;Buona;Ore Diurne;1;0;0;1;12,54677;41,87633;-1;2;Motociclo a solo;In marcia / fermata / arresto;Conducente;M;Rimandato;0;NON DECEDUTO;Non accertato;
2692172;17;11/02/2016 10:00;Strada Urbana;PIAZZALE DEGLI EROI;da specificare;;;;FRONTE CIVICO 14;Tamponamento;Rettilineo;Una carreggiata a doppio senso;Asciutto;Asfaltata;Verticale ed orizzontale;Sereno;Normale;Sufficiente;Ore Diurne;0;0;0;2;12,44847;41,90904;-1;1;Autovettura privata;In marcia / fermata / arresto;Conducente;F;Illeso;0;;Non accertato;Inesploso
2692172;17;11/02/2016 10:00;Strada Urbana;PIAZZALE DEGLI EROI;da specificare;;;;FRONTE CIVICO 14;Tamponamento;Rettilineo;Una carreggiata a doppio senso;Asciutto;Asfaltata;Verticale ed orizzontale;Sereno;Normale;Sufficiente;Ore Diurne;0;0;0;2;12,44847;41,90904;-1;2;Autovettura privata;In marcia / fermata / arresto;Conducente;M;Illeso;0;;;
2692178;18;03/02/2016 11:55;Strada Urbana;PIAZZA DEI GIURECONSULTI;all'intersezione semaforizzata con;VIA DI BOCCEA;VIA DI BOCCEA;;;Tamponamento;Intersezione semaforizzata;Una carreggiata a doppio senso;Asciutto;Asfaltata;Verticale ed orizzontale;Nuvoloso;Normale;Buona;Ore Diurne;1;0;0;1;12,42583;41,90217;-1;1;Autovettura privata;In marcia / fermata / arresto;Conducente;M;Illeso;0;;Non accertato;Inesploso
2692178;18;03/02/2016 11:55;Strada Urbana;PIAZZA DEI GIURECONSULTI;all'intersezione semaforizzata con;VIA DI BOCCEA;VIA DI BOCCEA;;;Tamponamento;Intersezione semaforizzata;Una carreggiata a doppio senso;Asciutto;Asfaltata;Verticale ed orizzontale;Nuvoloso;Normale;Buona;Ore Diurne;1;0;0;1;12,42583;41,90217;-1;2;Motociclo a solo;In marcia / fermata / arresto;Conducente;M;Rifiuta cure immediate;0;NON DECEDUTO;Non accertato;
2692186;10;12/02/2016 12:25;Strada Urbana;VIA DELLE CAPANNELLE;da specificare;;;;prossimità Palo Acea 93;Veicolo in marcia contro veicoli in sosta;Rettilineo;Una carreggiata a doppio senso;Asciutto;Asfaltata;Orizzontale;Nuvoloso;Normale;Buona;Ore Diurne;1;0;0;0;12,5749;41,84626;-1;1;Autovettura privata;In marcia / fermata / arresto;Conducente;M;Rimandato;0;NON DECEDUTO;Non accertato;Inesploso
2692196;1;12/02/2016 00:05;Strada Urbana;VIA TRIONFALE;all'intersezione semaforizzata con;VIA BUCCARI;VIA BUCCARI;;;Scontro frontale/laterale SX fra veicoli in marcia;Intersezione semaforizzata;Una carreggiata a senso unico di marcia;Asciutto;Asfaltata;Verticale ed orizzontale;Nuvoloso;Scarso;Buona;Sufficiente;1;0;0;1;12,42296;41,94088;-1;1;Autovettura privata;In marcia / fermata / arresto;Conducente;M;Rimandato;0;NON DECEDUTO;Non accertato;Inesploso
2692196;1;12/02/2016 00:05;Strada Urbana;VIA TRIONFALE;all'intersezione semaforizzata con;VIA BUCCARI;VIA BUCCARI;;;Scontro frontale/laterale SX fra veicoli in marcia;Intersezione semaforizzata;Una carreggiata a senso unico di marcia;Asciutto;Asfaltata;Verticale ed orizzontale;Nuvoloso;Scarso;Buona;Sufficiente;1;0;0;1;12,42296;41,94088;-1;2;Autovettura privata;In marcia / fermata / arresto;Conducente;F;Illeso;0;;Non accertato;
2692201;9;12/02/2016 14:25;Strada Urbana;VIA DELL'ARCO DI TRAVERTINO;in prossimità;;del civico n.;11;;Scontro laterale fra veicoli in marcia;Rettilineo;Due carreggiate;Bagnato (pioggia);Asfaltata;Orizzontale;Nuvoloso;Normale;Buona;Ore Diurne;0;0;0;2;12,53733;41,86841;-1;1;Autocarro superiore 35 q.;In marcia / fermata / arresto;Conducente;M;Illeso;0;;Non accertato;Inesploso
2692201;9;12/02/2016 14:25;Strada Urbana;VIA DELL'ARCO DI TRAVERTINO;in prossimità;;del civico n.;11;;Scontro laterale fra veicoli in marcia;Rettilineo;Due carreggiate;Bagnato (pioggia);Asfaltata;Orizzontale;Nuvoloso;Normale;Buona;Ore Diurne;0;0;0;2;12,53733;41,86841;-1;2;Autovettura privata;In marcia / fermata / arresto;Conducente;M;Illeso;0;;Non accertato;Inesploso
2692216;12;10/02/2016 09:45;Statale;VIA OSTIENSE;da specificare;;;;direzione Roma alt km 11.200;Scontro laterale fra veicoli in marcia;Rettilineo;Due carreggiate;Asciutto;Asfaltata;Verticale ed orizzontale;Sereno;Normale;Buona;Ore Diurne;1;0;0;4;12,45895;41,83686;-1;1;Autovettura privata;In marcia / fermata / arresto;Conducente;F;Illeso;0;;Utilizzato;Inesploso
2692216;12;10/02/2016 09:45;Statale;VIA OSTIENSE;da specificare;;;;direzione Roma alt km 11.200;Scontro laterale fra veicoli in marcia;Rettilineo;Due carreggiate;Asciutto;Asfaltata;Verticale ed orizzontale;Sereno;Normale;Buona;Ore Diurne;1;0;0;4;12,45895;41,83686;-1;1;Autovettura privata;In marcia / fermata / arresto;Passeggero;M;Illeso;0;;Utilizzato;Inesploso
2692216;12;10/02/2016 09:45;Statale;VIA OSTIENSE;da specificare;;;;direzione Roma alt km 11.200;Scontro laterale fra veicoli in marcia;Rettilineo;Due carreggiate;Asciutto;Asfaltata;Verticale ed orizzontale;Sereno;Normale;Buona;Ore Diurne;1;0;0;4;12,45895;41,83686;-1;1;Autovettura privata;In marcia / fermata / arresto;Passeggero;F;Illeso;0;;Utilizzato;Inesploso
2692216;12;10/02/2016 09:45;Statale;VIA OSTIENSE;da specificare;;;;direzione Roma alt km 11.200;Scontro laterale fra veicoli in marcia;Rettilineo;Due carreggiate;Asciutto;Asfaltata;Verticale ed orizzontale;Sereno;Normale;Buona;Ore Diurne;1;0;0;4;12,45895;41,83686;-1;1;Autovettura privata;In marcia / fermata / arresto;Passeggero;F;Illeso;0;;Utilizzato;
2692216;12;10/02/2016 09:45;Statale;VIA OSTIENSE;da specificare;;;;direzione Roma alt km 11.200;Scontro laterale fra veicoli in marcia;Rettilineo;Due carreggiate;Asciutto;Asfaltata;Verticale ed orizzontale;Sereno;Normale;Buona;Ore Diurne;1;0;0;4;12,45895;41,83686;-1;2;Motociclo a solo;In marcia / fermata / arresto;Conducente;M;Rimandato;0;NON DECEDUTO;Non accertato;
2692224;17;11/02/2016 09:15;Strada Urbana;VIALE GIULIO CESARE;all'intersezione semaforizzata con;VIA MARCANTONIO COLONNA;VIA MARCANTONIO COLONNA;;;Scontro laterale fra veicoli in marcia;Intersezione semaforizzata;Più di due carreggiate;Asciutto;Asfaltata;Verticale ed orizzontale;Sereno;Normale;Buona;Ore Diurne;0;0;0;2;12,46621;41,91131;-1;1;Autovettura privata;In marcia / fermata / arresto;Conducente;F;Illeso;0;;Non accertato;Inesploso
2692224;17;11/02/2016 09:15;Strada Urbana;VIALE GIULIO CESARE;all'intersezione semaforizzata con;VIA MARCANTONIO COLONNA;VIA MARCANTONIO COLONNA;;;Scontro laterale fra veicoli in marcia;Intersezione semaforizzata;Più di due carreggiate;Asciutto;Asfaltata;Verticale ed orizzontale;Sereno;Normale;Buona;Ore Diurne;0;0;0;2;12,46621;41,91131;-1;2;Autobus urbano;In marcia / fermata / arresto;Conducente;M;Illeso;0;;;
2692261;1;11/02/2016 08:55;Strada Urbana;VIA EMANUELE FILIBERTO;in prossimità;;del civico n.;161;;Infortunio per caduta del veicolo;Rettilineo;Una carreggiata a doppio senso;Bagnato (pioggia);Asfaltata;Verticale ed orizzontale;Pioggia in atto;Normale;Buona;Ore Diurne;1;0;0;0;12,50684;41,89009;-1;1;Motociclo a solo;In marcia / fermata / arresto;Conducente;M;Rimandato;0;NON DECEDUTO;Non accertato;
2692264;6;12/02/2016 16:15;Strada Urbana;VIA SESTIO MENAS;in corrispondenza;;del civico n.;38;;Scontro frontale/laterale SX fra veicoli in marcia;Rettilineo;Una carreggiata a doppio senso;Bagnato (pioggia);Asfaltata;Verticale;Nuvoloso;Normale;Buona;Ore Diurne;0;0;0;4;12,55262;41,86617;-1;1;Autocarro inferiore 35 q.;In marcia / fermata / arresto;Conducente;M;Illeso;0;;Non accertato;Inesploso
2692264;6;12/02/2016 16:15;Strada Urbana;VIA SESTIO MENAS;in corrispondenza;;del civico n.;38;;Scontro frontale/laterale SX fra veicoli in marcia;Rettilineo;Una carreggiata a doppio senso;Bagnato (pioggia);Asfaltata;Verticale;Nuvoloso;Normale;Buona;Ore Diurne;0;0;0;4;12,55262;41,86617;-1;1;Autocarro inferiore 35 q.;In marcia / fermata / arresto;Passeggero;M;Illeso;0;;Non accertato;Inesploso
2692264;6;12/02/2016 16:15;Strada Urbana;VIA SESTIO MENAS;in corrispondenza;;del civico n.;38;;Scontro frontale/laterale SX fra veicoli in marcia;Rettilineo;Una carreggiata a doppio senso;Bagnato (pioggia);Asfaltata;Verticale;Nuvoloso;Normale;Buona;Ore Diurne;0;0;0;4;12,55262;41,86617;-1;2;Autovettura privata;In marcia / fermata / arresto;Conducente;M;Illeso;0;;Non accertato;Inesploso
2692264;6;12/02/2016 16:15;Strada Urbana;VIA SESTIO MENAS;in corrispondenza;;del civico n.;38;;Scontro frontale/laterale SX fra veicoli in marcia;Rettilineo;Una carreggiata a doppio senso;Bagnato (pioggia);Asfaltata;Verticale;Nuvoloso;Normale;Buona;Ore Diurne;0;0;0;4;12,55262;41,86617;-1;2;Autovettura privata;In marcia / fermata / arresto;Passeggero;F;Illeso;0;;Non accertato;Inesploso
2692294;18;04/02/2016 16:45;Strada Urbana;VIA NAZARETH;in corrispondenza;;del civico n.;150;;Tamponamento Multiplo;Rettilineo;Una carreggiata a doppio senso;Asciutto;Asfaltata;Verticale ed orizzontale;Sereno;Normale;Buona;Ore Diurne;2;0;0;4;12,40603;41,90763;-1;1;Autovettura privata;In marcia / fermata / arresto;Conducente;F;Rimandato;0;NON DECEDUTO;Non accertato;Inesploso
2692294;18;04/02/2016 16:45;Strada Urbana;VIA NAZARETH;in corrispondenza;;del civico n.;150;;Tamponamento Multiplo;Rettilineo;Una carreggiata a doppio senso;Asciutto;Asfaltata;Verticale ed orizzontale;Sereno;Normale;Buona;Ore Diurne;2;0;0;4;12,40603;41,90763;-1;2;Autovettura privata;In marcia / fermata / arresto;Conducente;M;Illeso;0;;Non accertato;Inesploso
2692294;18;04/02/2016 16:45;Strada Urbana;VIA NAZARETH;in corrispondenza;;del civico n.;150;;Tamponamento Multiplo;Rettilineo;Una carreggiata a doppio senso;Asciutto;Asfaltata;Verticale ed orizzontale;Sereno;Normale;Buona;Ore Diurne;2;0;0;4;12,40603;41,90763;-1;2;Autovettura privata;In marcia / fermata / arresto;Passeggero;F;Illeso;0;;Non accertato;Inesploso
2692294;18;04/02/2016 16:45;Strada Urbana;VIA NAZARETH;in corrispondenza;;del civico n.;150;;Tamponamento Multiplo;Rettilineo;Una carreggiata a doppio senso;Asciutto;Asfaltata;Verticale ed orizzontale;Sereno;Normale;Buona;Ore Diurne;2;0;0;4;12,40603;41,90763;-1;2;Autovettura privata;In marcia / fermata / arresto;Passeggero;M;Rimandato;0;NON DECEDUTO;Non accertato;Inesploso
2692294;18;04/02/2016 16:45;Strada Urbana;VIA NAZARETH;in corrispondenza;;del civico n.;150;;Tamponamento Multiplo;Rettilineo;Una carreggiata a doppio senso;Asciutto;Asfaltata;Verticale ed orizzontale;Sereno;Normale;Buona;Ore Diurne;2;0;0;4;12,40603;41,90763;-1;2;Autovettura privata;In marcia / fermata / arresto;Passeggero;M;Illeso;0;;Non accertato;Inesploso
2692294;18;04/02/2016 16:45;Strada Urbana;VIA NAZARETH;in corrispondenza;;del civico n.;150;;Tamponamento Multiplo;Rettilineo;Una carreggiata a doppio senso;Asciutto;Asfaltata;Verticale ed orizzontale;Sereno;Normale;Buona;Ore Diurne;2;0;0;4;12,40603;41,90763;-1;3;Autovettura privata;In marcia / fermata / arresto;Conducente;F;Illeso;0;;Non accertato;Inesploso
2692297;1;11/02/2016 23:35;Strada Urbana;VIA MERULANA;all'intersezione con;VIA ALEARDO ALEARDI;VIA ALEARDO ALEARDI;;;Scontro laterale fra veicoli in marcia;Incrocio;Una carreggiata a doppio senso;Bagnato (pioggia);Asfaltata;Verticale ed orizzontale;Pioggia in atto;Normale;Sufficiente;Sufficiente;1;0;0;1;12,50187;41,89213;-1;1;Autovettura pubblica;In marcia / fermata / arresto;Conducente;M;Illeso;0;;Non accertato;Inesploso
2692297;1;11/02/2016 23:35;Strada Urbana;VIA MERULANA;all'intersezione con;VIA ALEARDO ALEARDI;VIA ALEARDO ALEARDI;;;Scontro laterale fra veicoli in marcia;Incrocio;Una carreggiata a doppio senso;Bagnato (pioggia);Asfaltata;Verticale ed orizzontale;Pioggia in atto;Normale;Sufficiente;Sufficiente;1;0;0;1;12,50187;41,89213;-1;2;Motociclo a solo;In marcia / fermata / arresto;Conducente;M;Rifiuta cure immediate;0;NON DECEDUTO;Non accertato;
2692303;2;12/02/2016 16:30;Strada Urbana;VIA NOMENTANA;in prossimità;;del civico n.;fr. 373;;Ribaltamento senza urto contro ostacolo fisso;Rettilineo;Una carreggiata a doppio senso;Asciutto;Asfaltata;Verticale ed orizzontale;Sereno;Normale;Buona;Ore Diurne;0;1;0;1;12,52102;41,92452;-1;1;Motociclo con passeggero;In marcia / fermata / arresto;Conducente;M;Prognosi riservata;0;NON DECEDUTO;Non accertato;
2692303;2;12/02/2016 16:30;Strada Urbana;VIA NOMENTANA;in prossimità;;del civico n.;fr. 373;;Ribaltamento senza urto contro ostacolo fisso;Rettilineo;Una carreggiata a doppio senso;Asciutto;Asfaltata;Verticale ed orizzontale;Sereno;Normale;Buona;Ore Diurne;0;1;0;1;12,52102;41,92452;-1;1;Motociclo con passeggero;In marcia / fermata / arresto;Passeggero;F;Illeso;0;;Non accertato;
2692315;1;12/02/2016 03:45;Strada Urbana;CAMPO DE' FIORI;in prossimità;;del civico n.;14;;Veicolo in marcia contro ostacolo fisso;Rettilineo;Una carreggiata a senso unico di marcia;Bagnato (pioggia);In cubetti di porfido;Verticale ed orizzontale;Pioggia in atto;Scarso;Buona;Sufficiente;0;0;0;2;12,47193;41,89552;-1;1;Macchina operatrice;In marcia / fermata / arresto;Conducente;F;Illeso;0;;Non accertato;
2692315;1;12/02/2016 03:45;Strada Urbana;CAMPO DE' FIORI;in prossimità;;del civico n.;14;;Veicolo in marcia contro ostacolo fisso;Rettilineo;Una carreggiata a senso unico di marcia;Bagnato (pioggia);In cubetti di porfido;Verticale ed orizzontale;Pioggia in atto;Scarso;Buona;Sufficiente;0;0;0;2;12,47193;41,89552;-1;1;Macchina operatrice;In marcia / fermata / arresto;Passeggero;F;Illeso;0;;Non accertato;
2692332;1;11/02/2016 12:10;Strada Urbana;PASSEGGIATA DEL GIANICOLO;in prossimità;;del palo luce n.;11;;Scontro laterale fra veicoli in marcia;Curva senza visuale libera;Una carreggiata a doppio senso;Asciutto;Asfaltata;Verticale ed orizzontale;Sereno;Normale;Buona;Ore Diurne;1;0;0;4;12,46279;41,89227;-1;1;Autovettura privata;In marcia / fermata / arresto;Conducente;M;Illeso;0;;Non accertato;
2692332;1;11/02/2016 12:10;Strada Urbana;PASSEGGIATA DEL GIANICOLO;in prossimità;;del palo luce n.;11;;Scontro laterale fra veicoli in marcia;Curva senza visuale libera;Una carreggiata a doppio senso;Asciutto;Asfaltata;Verticale ed orizzontale;Sereno;Normale;Buona;Ore Diurne;1;0;0;4;12,46279;41,89227;-1;1;Autovettura privata;In marcia / fermata / arresto;Passeggero;F;Illeso;0;;Non accertato;
2692332;1;11/02/2016 12:10;Strada Urbana;PASSEGGIATA DEL GIANICOLO;in prossimità;;del palo luce n.;11;;Scontro laterale fra veicoli in marcia;Curva senza visuale libera;Una carreggiata a doppio senso;Asciutto;Asfaltata;Verticale ed orizzontale;Sereno;Normale;Buona;Ore Diurne;1;0;0;4;12,46279;41,89227;-1;1;Autovettura privata;In marcia / fermata / arresto;Passeggero;M;Illeso;0;;Non accertato;
2692332;1;11/02/2016 12:10;Strada Urbana;PASSEGGIATA DEL GIANICOLO;in prossimità;;del palo luce n.;11;;Scontro laterale fra veicoli in marcia;Curva senza visuale libera;Una carreggiata a doppio senso;Asciutto;Asfaltata;Verticale ed orizzontale;Sereno;Normale;Buona;Ore Diurne;1;0;0;4;12,46279;41,89227;-1;2;Motociclo a solo;In marcia / fermata / arresto;Conducente;M;Rimandato;0;NON DECEDUTO;Non accertato;
2692332;1;11/02/2016 12:10;Strada Urbana;PASSEGGIATA DEL GIANICOLO;in prossimità;;del palo luce n.;11;;Scontro laterale fra veicoli in marcia;Curva senza visuale libera;Una carreggiata a doppio senso;Asciutto;Asfaltata;Verticale ed orizzontale;Sereno;Normale;Buona;Ore Diurne;1;0;0;4;12,46279;41,89227;-1;3;Autovettura privata;In marcia / fermata / arresto;Conducente;M;Illeso;0;;Non accertato;
2692365;7;12/02/2016 16:00;Strada Urbana;VIALE PALMIRO TOGLIATTI;in prossimità;;del civico n.;824;;Scontro laterale fra veicoli in marcia;Rettilineo;Due carreggiate;Asciutto;Asfaltata;Verticale ed orizzontale;Nuvoloso;Normale;Buona;Ore Diurne;0;0;0;3;12,57366;41,88653;-1;1;Autovettura privata;In marcia / fermata / arresto;Conducente;M;Illeso;0;;Non accertato;Inesploso
2692365;7;12/02/2016 16:00;Strada Urbana;VIALE PALMIRO TOGLIATTI;in prossimità;;del civico n.;824;;Scontro laterale fra veicoli in marcia;Rettilineo;Due carreggiate;Asciutto;Asfaltata;Verticale ed orizzontale;Nuvoloso;Normale;Buona;Ore Diurne;0;0;0;3;12,57366;41,88653;-1;1;Autovettura privata;In marcia / fermata / arresto;Passeggero;F;Illeso;0;;Non accertato;Inesploso
2692365;7;12/02/2016 16:00;Strada Urbana;VIALE PALMIRO TOGLIATTI;in prossimità;;del civico n.;824;;Scontro laterale fra veicoli in marcia;Rettilineo;Due carreggiate;Asciutto;Asfaltata;Verticale ed orizzontale;Nuvoloso;Normale;Buona;Ore Diurne;0;0;0;3;12,57366;41,88653;-1;2;Autocarro inferiore 35 q.;In marcia / fermata / arresto;Conducente;M;Illeso;0;;Non accertato;Inesploso
2692367;9;12/02/2016 07:45;Strada Urbana;VIA CILICIA;in prossimità;;del civico n.;1;;Tamponamento Multiplo;Rettilineo;Due carreggiate;Bagnato (pioggia);Asfaltata;Verticale ed orizzontale;Nuvoloso;Intenso;Buona;Ore Diurne;0;0;0;3;12,50617;41,8738;-1;1;Autovettura privata;In marcia / fermata / arresto;Conducente;F;Illeso;0;;Non accertato;