Protocollo;Gruppo;DataOraIncidente;Localizzazione1;STRADA1;Localizzazione2;STRADA2;Strada02;Chilometrica;DaSpecificare;NaturaIncidente;particolaritastrade;TipoStrada;FondoStradale;Pavimentazione;Segnaletica;CondizioneAtmosferica;Traffico;Visibilita;Illuminazione;NUM_FERITI;NUM_RISERVATA;NUM_MORTI;NUM_ILLESI;Longitudine;Latitudine;Confermato;Progressivo;TipoVeicolo;StatoVeicolo;TipoPersona;Sesso;Tipolesione;Deceduto;DecedutoDopo;CinturaCascoUtilizzato;Airbag
2695195;13;14/02/2016 19:30;Strada Urbana;VIA DI DRAGONE;in prossimità;;del civico n.;63;;Veicolo in marcia contro ostacolo accidentale;Rettilineo;Una carreggiata a doppio senso;Bagnato (pioggia);Asfaltata;Verticale;Pioggia in atto;Normale;Sufficiente;Sufficiente;0;0;0;4;12,33795;41,77639;-1;1;Autovettura privata;In marcia / fermata / arresto;Conducente;F;Illeso;0;;Non accertato;Inesploso
2695195;13;14/02/2016 19:30;Strada Urbana;VIA DI DRAGONE;in prossimità;;del civico n.;63;;Veicolo in marcia contro ostacolo accidentale;Rettilineo;Una carreggiata a doppio senso;Bagnato (pioggia);Asfaltata;Verticale;Pioggia in atto;Normale;Sufficiente;Sufficiente;0;0;0;4;12,33795;41,77639;-1;1;Autovettura privata;In marcia / fermata / arresto;Passeggero;M;Illeso;0;;Non accertato;Inesploso
2695195;13;14/02/2016 19:30;Strada Urbana;VIA DI DRAGONE;in prossimità;;del civico n.;63;;Veicolo in marcia contro ostacolo accidentale;Rettilineo;Una carreggiata a doppio senso;Bagnato (pioggia);Asfaltata;Verticale;Pioggia in atto;Normale;Sufficiente;Sufficiente;0;0;0;4;12,33795;41,77639;-1;1;Autovettura privata;In marcia / fermata / arresto;Passeggero;M;Illeso;0;;Non accertato;Inesploso
2695195;13;14/02/2016 19:30;Strada Urbana;VIA DI DRAGONE;in prossimità;;del civico n.;63;;Veicolo in marcia contro ostacolo accidentale;Rettilineo;Una carreggiata a doppio senso;Bagnato (pioggia);Asfaltata;Verticale;Pioggia in atto;Normale;Sufficiente;Sufficiente;0;0;0;4;12,33795;41,77639;-1;1;Autovettura privata;In marcia / fermata / arresto;Passeggero;F;Illeso;0;;Non accertato;Inesploso
2695197;12;14/02/2016 22:50;Strada Urbana;VIA CESARE FRUGONI;all'intersezione con;VIA OSTIENSE;VIA OSTIENSE;;;Scontro laterale fra veicoli in marcia;Incrocio;Una carreggiata a doppio senso;Bagnato (pioggia);Asfaltata;Verticale ed orizzontale;Pioggia in atto;Normale;Sufficiente;Sufficiente;3;0;0;1;12,46695;41,84107;-1;1;Autovettura privata;In marcia / fermata / arresto;Conducente;M;Rimandato;0;NON DECEDUTO;Utilizzato;Esploso
2695197;12;14/02/2016 22:50;Strada Urbana;VIA CESARE FRUGONI;all'intersezione con;VIA OSTIENSE;VIA OSTIENSE;;;Scontro laterale fra veicoli in marcia;Incrocio;Una carreggiata a doppio senso;Bagnato (pioggia);Asfaltata;Verticale ed orizzontale;Pioggia in atto;Normale;Sufficiente;Sufficiente;3;0;0;1;12,46695;41,84107;-1;1;Autovettura privata;In marcia / fermata / arresto;Passeggero;F;Rimandato;0;NON DECEDUTO;Utilizzato;Esploso
2695197;12;14/02/2016 22:50;Strada Urbana;VIA CESARE FRUGONI;all'intersezione con;VIA OSTIENSE;VIA OSTIENSE;;;Scontro laterale fra veicoli in marcia;Incrocio;Una carreggiata a doppio senso;Bagnato (pioggia);Asfaltata;Verticale ed orizzontale;Pioggia in atto;Normale;Sufficiente;Sufficiente;3;0;0;1;12,46695;41,84107;-1;1;Autovettura privata;In marcia / fermata / arresto;Passeggero;F;Rimandato;0;NON DECEDUTO;Utilizzato;Inesistente
2695197;12;14/02/2016 22:50;Strada Urbana;VIA CESARE FRUGONI;all'intersezione con;VIA OSTIENSE;VIA OSTIENSE;;;Scontro laterale fra veicoli in marcia;Incrocio;Una carreggiata a doppio senso;Bagnato (pioggia);Asfaltata;Verticale ed orizzontale;Pioggia in atto;Normale;Sufficiente;Sufficiente;3;0;0;1;12,46695;41,84107;-1;2;Autovettura privata;In marcia / fermata / arresto;Conducente;F;Illeso;0;;Utilizzato;Esploso
2695204;17;13/02/2016 20:40;Strada Urbana;VIA VIRGILIO;da specificare;;;;alt. via cassiodoro ;Scontro frontale/laterale SX fra veicoli in marcia;Rettilineo;Una carreggiata a senso unico di marcia;Asciutto;Asfaltata;Verticale ed orizzontale;Sereno;Normale;Buona;Sufficiente;0;0;0;3;12,46586;41,90613;-1;1;Autovettura privata;In marcia / fermata / arresto;Conducente;M;Illeso;0;;;
2695204;17;13/02/2016 20:40;Strada Urbana;VIA VIRGILIO;da specificare;;;;alt. via cassiodoro ;Scontro frontale/laterale SX fra veicoli in marcia;Rettilineo;Una carreggiata a senso unico di marcia;Asciutto;Asfaltata;Verticale ed orizzontale;Sereno;Normale;Buona;Sufficiente;0;0;0;3;12,46586;41,90613;-1;2;Autovettura privata;In marcia / fermata / arresto;Conducente;M;Illeso;0;;;
2695204;17;13/02/2016 20:40;Strada Urbana;VIA VIRGILIO;da specificare;;;;alt. via cassiodoro ;Scontro frontale/laterale SX fra veicoli in marcia;Rettilineo;Una carreggiata a senso unico di marcia;Asciutto;Asfaltata;Verticale ed orizzontale;Sereno;Normale;Buona;Sufficiente;0;0;0;3;12,46586;41,90613;-1;2;Autovettura privata;In marcia / fermata / arresto;Passeggero;F;Illeso;0;;;
2695210;19;13/02/2016 12:30;Strada Urbana;LARGO MILLESIMO;in corrispondenza;;del civico n.;5;;Scontro laterale fra veicoli in marcia;Rettilineo;Una carreggiata a doppio senso;Asciutto;Asfaltata;Verticale ed orizzontale;Sereno;Normale;Buona;Ore Diurne;0;0;0;2;12,42026;41,9319;-1;1;Autovettura privata;In marcia / fermata / arresto;Conducente;M;Illeso;0;;Non accertato;Inesploso
2695210;19;13/02/2016 12:30;Strada Urbana;LARGO MILLESIMO;in corrispondenza;;del civico n.;5;;Scontro laterale fra veicoli in marcia;Rettilineo;Una carreggiata a doppio senso;Asciutto;Asfaltata;Verticale ed orizzontale;Sereno;Normale;Buona;Ore Diurne;0;0;0;2;12,42026;41,9319;-1;2;Autovettura privata;In marcia / fermata / arresto;Conducente;M;Illeso;0;;Non accertato;Inesploso
2695214;3;13/02/2016 01:45;Strada Urbana;VIALE LIEGI;in prossimità;;del civico n.;50;;Veicolo in marcia contro veicolo in sosta;Rettilineo;Più di due carreggiate;Bagnato (pioggia);Asfaltata;Assente;Pioggia in atto;Scarso;Sufficiente;Sufficiente;0;0;0;1;12,4948;41,92177;-1;1;Autovettura privata;In marcia / fermata / arresto;Conducente;M;Illeso;0;;Non accertato;Inesploso
2695216;18;04/02/2016 01:00;Strada Urbana;PIAZZA DEL RISORGIMENTO;in prossimità;;del civico n.;16;;Veicolo in marcia contro veicolo in sosta;Rettilineo;Una carreggiata a senso unico di marcia;Asciutto;Asfaltata;Verticale ed orizzontale;Sereno;Scarso;Sufficiente;Sufficiente;0;0;0;2;12,45724;41,90668;-1;1;Autovettura privata;In marcia / fermata / arresto;Conducente;M;Illeso;0;;Non accertato;Inesploso
2695216;18;04/02/2016 01:00;Strada Urbana;PIAZZA DEL RISORGIMENTO;in prossimità;;del civico n.;16;;Veicolo in marcia contro veicolo in sosta;Rettilineo;Una carreggiata a senso unico di marcia;Asciutto;Asfaltata;Verticale ed orizzontale;Sereno;Scarso;Sufficiente;Sufficiente;0;0;0;2;12,45724;41,90668;-1;1;Autovettura privata;In marcia / fermata / arresto;Passeggero;M;Illeso;0;;Non accertato;Inesploso
2695221;2;12/02/2016 16:15;Strada Urbana;VIA DEL FORO ITALICO;da specificare;;;;pross. rampa uscita via Salaria gra;Scontro laterale fra veicoli in marcia;Rettilineo;Più di due carreggiate;Asciutto;Asfaltata;Verticale ed orizzontale;Sereno;Normale;Buona;Ore Diurne;0;0;0;2;12,51087;41,93823;-1;1;Autovettura privata;In marcia / fermata / arresto;Conducente;M;Illeso;0;;;
2695221;2;12/02/2016 16:15;Strada Urbana;VIA DEL FORO ITALICO;da specificare;;;;pross. rampa uscita via Salaria gra;Scontro laterale fra veicoli in marcia;Rettilineo;Più di due carreggiate;Asciutto;Asfaltata;Verticale ed orizzontale;Sereno;Normale;Buona;Ore Diurne;0;0;0;2;12,51087;41,93823;-1;2;Autovettura privata;In marcia / fermata / arresto;Conducente;F;Illeso;0;;;
2695226;3;13/02/2016 05:20;Strada Urbana;CORSO D'ITALIA;da specificare;;;;altezza galoppatoio;Veicolo in marcia contro veicolo fermo;Curva a visuale libera;Due carreggiate;Bagnato (pioggia);Asfaltata;Assente;Pioggia in atto;Scarso;Sufficiente;Sufficiente;0;0;0;2;12,49719;41,91087;-1;1;Autovettura privata;In marcia / fermata / arresto;Conducente;M;Illeso;0;;Non accertato;Inesploso
2695226;3;13/02/2016 05:20;Strada Urbana;CORSO D'ITALIA;da specificare;;;;altezza galoppatoio;Veicolo in marcia contro veicolo fermo;Curva a visuale libera;Due carreggiate;Bagnato (pioggia);Asfaltata;Assente;Pioggia in atto;Scarso;Sufficiente;Sufficiente;0;0;0;2;12,49719;41,91087;-1;2;Autovettura privata;In marcia / fermata / arresto;Conducente;F;Illeso;0;;Non accertato;Inesploso
2695228;4;14/02/2016 16:50;Strada Urbana;LARGO LUCHINO VISCONTI;all'intersezione con;VIA CARLO BERTINAZZI;VIA CARLO BERTINAZZI;;;Scontro frontale/laterale SX fra veicoli in marcia;Intersezione non regolata/non segnalata;Due carreggiate;Bagnato (pioggia);Asfaltata;Assente;Nuvoloso;Scarso;Buona;Ore Diurne;0;0;0;6;12,53535;41,96562;-1;1;Motociclo a solo;In marcia / fermata / arresto;Conducente;M;Illeso;0;;Non accertato;
2695228;4;14/02/2016 16:50;Strada Urbana;LARGO LUCHINO VISCONTI;all'intersezione con;VIA CARLO BERTINAZZI;VIA CARLO BERTINAZZI;;;Scontro frontale/laterale SX fra veicoli in marcia;Intersezione non regolata/non segnalata;Due carreggiate;Bagnato (pioggia);Asfaltata;Assente;Nuvoloso;Scarso;Buona;Ore Diurne;0;0;0;6;12,53535;41,96562;-1;2;Autovettura privata;In marcia / fermata / arresto;Conducente;M;Illeso;0;;Non accertato;Inesploso
2695228;4;14/02/2016 16:50;Strada Urbana;LARGO LUCHINO VISCONTI;all'intersezione con;VIA CARLO BERTINAZZI;VIA CARLO BERTINAZZI;;;Scontro frontale/laterale SX fra veicoli in marcia;Intersezione non regolata/non segnalata;Due carreggiate;Bagnato (pioggia);Asfaltata;Assente;Nuvoloso;Scarso;Buona;Ore Diurne;0;0;0;6;12,53535;41,96562;-1;2;Autovettura privata;In marcia / fermata / arresto;Passeggero;F;Illeso;0;;Non accertato;Inesploso
2695228;4;14/02/2016 16:50;Strada Urbana;LARGO LUCHINO VISCONTI;all'intersezione con;VIA CARLO BERTINAZZI;VIA CARLO BERTINAZZI;;;Scontro frontale/laterale SX fra veicoli in marcia;Intersezione non regolata/non segnalata;Due carreggiate;Bagnato (pioggia);Asfaltata;Assente;Nuvoloso;Scarso;Buona;Ore Diurne;0;0;0;6;12,53535;41,96562;-1;2;Autovettura privata;In marcia / fermata / arresto;Passeggero;M;Illeso;0;;Non accertato;Inesploso
2695228;4;14/02/2016 16:50;Strada Urbana;LARGO LUCHINO VISCONTI;all'intersezione con;VIA CARLO BERTINAZZI;VIA CARLO BERTINAZZI;;;Scontro frontale/laterale SX fra veicoli in marcia;Intersezione non regolata/non segnalata;Due carreggiate;Bagnato (pioggia);Asfaltata;Assente;Nuvoloso;Scarso;Buona;Ore Diurne;0;0;0;6;12,53535;41,96562;-1;2;Autovettura privata;In marcia / fermata / arresto;Passeggero;M;Illeso;0;;Non accertato;Inesistente
2695228;4;14/02/2016 16:50;Strada Urbana;LARGO LUCHINO VISCONTI;all'intersezione con;VIA CARLO BERTINAZZI;VIA CARLO BERTINAZZI;;;Scontro frontale/laterale SX fra veicoli in marcia;Intersezione non regolata/non segnalata;Due carreggiate;Bagnato (pioggia);Asfaltata;Assente;Nuvoloso;Scarso;Buona;Ore Diurne;0;0;0;6;12,53535;41,96562;-1;2;Autovettura privata;In marcia / fermata / arresto;Passeggero;M;Illeso;0;;Non accertato;Inesistente
2695232;10;14/02/2016 21:35;Strada Urbana;VIALE ROLANDO VIGNALI;da specificare;;;;prossimità via Marco Dino Rossi;Scontro frontale/laterale DX fra veicoli in marcia;Rettilineo;Una carreggiata a senso unico di marcia;Bagnato (pioggia);Asfaltata;Assente;Nuvoloso;Scarso;Buona;Sufficiente;1;0;0;1;12,57967;41,85624;-1;1;Autovettura privata;In marcia / fermata / arresto;Conducente;M;Rimandato;0;NON DECEDUTO;Non accertato;Inesploso
2695232;10;14/02/2016 21:35;Strada Urbana;VIALE ROLANDO VIGNALI;da specificare;;;;prossimità via Marco Dino Rossi;Scontro frontale/laterale DX fra veicoli in marcia;Rettilineo;Una carreggiata a senso unico di marcia;Bagnato (pioggia);Asfaltata;Assente;Nuvoloso;Scarso;Buona;Sufficiente;1;0;0;1;12,57967;41,85624;-1;2;Autovettura privata;In marcia / fermata / arresto;Conducente;M;Illeso;0;;Non accertato;Inesploso
2695234;3;14/02/2016 18:00;Strada Urbana;PIAZZALE DELLE PROVINCIE;da specificare;;;;altezza Viale Ippocrate;Scontro laterale fra veicoli in marcia;Rotatoria;Una carreggiata a senso unico di marcia;Bagnato (pioggia);Asfaltata;Verticale ed orizzontale;Pioggia in atto;Intenso;Sufficiente;Sufficiente;0;0;0;4;12,52116;41,90942;-1;1;Autovettura privata;In marcia / fermata / arresto;Conducente;M;Illeso;0;;Non accertato;Inesploso
2695234;3;14/02/2016 18:00;Strada Urbana;PIAZZALE DELLE PROVINCIE;da specificare;;;;altezza Viale Ippocrate;Scontro laterale fra veicoli in marcia;Rotatoria;Una carreggiata a senso unico di marcia;Bagnato (pioggia);Asfaltata;Verticale ed orizzontale;Pioggia in atto;Intenso;Sufficiente;Sufficiente;0;0;0;4;12,52116;41,90942;-1;2;Autovettura privata;In marcia / fermata / arresto;Conducente;F;Illeso;0;;Non accertato;Inesploso
2695234;3;14/02/2016 18:00;Strada Urbana;PIAZZALE DELLE PROVINCIE;da specificare;;;;altezza Viale Ippocrate;Scontro laterale fra veicoli in marcia;Rotatoria;Una carreggiata a senso unico di marcia;Bagnato (pioggia);Asfaltata;Verticale ed orizzontale;Pioggia in atto;Intenso;Sufficiente;Sufficiente;0;0;0;4;12,52116;41,90942;-1;2;Autovettura privata;In marcia / fermata / arresto;Passeggero;M;Illeso;0;;Non accertato;Inesploso
2695234;3;14/02/2016 18:00;Strada Urbana;PIAZZALE DELLE PROVINCIE;da specificare;;;;altezza Viale Ippocrate;Scontro laterale fra veicoli in marcia;Rotatoria;Una carreggiata a senso unico di marcia;Bagnato (pioggia);Asfaltata;Verticale ed orizzontale;Pioggia in atto;Intenso;Sufficiente;Sufficiente;0;0;0;4;12,52116;41,90942;-1;2;Autovettura privata;In marcia / fermata / arresto;Passeggero;F;Illeso;0;;Non accertato;Inesploso
2695244;13;15/02/2016 01:10;Strada Urbana;VIA AGOSTINO CHIGI;da specificare;;;;in prossimità di via L. Cicognara;Veicolo in marcia contro ostacolo accidentale;Rettilineo;Una carreggiata a doppio senso;Bagnato (pioggia);Asfaltata;Assente;Nuvoloso;Scarso;Buona;Sufficiente;0;0;0;1;12,31418;41,76354;-1;1;Autovettura privata;In marcia / fermata / arresto;Conducente;M;Illeso;0;;Non accertato;Inesploso
2695251;12;13/02/2016 11:30;Strada Urbana;VIALE DELLA TECNICA;all'intersezione con;VIALE DEL CICLISMO;VIALE DEL CICLISMO;;;Scontro frontale/laterale SX fra veicoli in marcia;Incrocio;Una carreggiata a doppio senso;Asciutto;Asfaltata;Verticale ed orizzontale;Nuvoloso;Normale;Buona;Ore Diurne;1;0;0;4;12,45909;41,82695;-1;1;Autovettura privata;In marcia / fermata / arresto;Conducente;M;Illeso;0;;;
2695251;12;13/02/2016 11:30;Strada Urbana;VIALE DELLA TECNICA;all'intersezione con;VIALE DEL CICLISMO;VIALE DEL CICLISMO;;;Scontro frontale/laterale SX fra veicoli in marcia;Incrocio;Una carreggiata a doppio senso;Asciutto;Asfaltata;Verticale ed orizzontale;Nuvoloso;Normale;Buona;Ore Diurne;1;0;0;4;12,45909;41,82695;-1;1;Autovettura privata;In marcia / fermata / arresto;Passeggero;F;Rimandato;0;NON DECEDUTO;Utilizzato;Inesploso
2695251;12;13/02/2016 11:30;Strada Urbana;VIALE DELLA TECNICA;all'intersezione con;VIALE DEL CICLISMO;VIALE DEL CICLISMO;;;Scontro frontale/laterale SX fra veicoli in marcia;Incrocio;Una carreggiata a doppio senso;Asciutto;Asfaltata;Verticale ed orizzontale;Nuvoloso;Normale;Buona;Ore Diurne;1;0;0;4;12,45909;41,82695;-1;2;Autovettura privata;In marcia / fermata / arresto;Conducente;M;Illeso;0;;;
2695251;12;13/02/2016 11:30;Strada Urbana;VIALE DELLA TECNICA;all'intersezione con;VIALE DEL CICLISMO;VIALE DEL CICLISMO;;;Scontro frontale/laterale SX fra veicoli in marcia;Incrocio;Una carreggiata a doppio senso;Asciutto;Asfaltata;Verticale ed orizzontale;Nuvoloso;Normale;Buona;Ore Diurne;1;0;0;4;12,45909;41,82695;-1;2;Autovettura privata;In marcia / fermata / arresto;Passeggero;M;Illeso;0;;;
2695251;12;13/02/2016 11:30;Strada Urbana;VIALE DELLA TECNICA;all'intersezione con;VIALE DEL CICLISMO;VIALE DEL CICLISMO;;;Scontro frontale/laterale SX fra veicoli in marcia;Incrocio;Una carreggiata a doppio senso;Asciutto;Asfaltata;Verticale ed orizzontale;Nuvoloso;Normale;Buona;Ore Diurne;1;0;0;4;12,45909;41,82695;-1;2;Autovettura privata;In marcia / fermata / arresto;Passeggero;M;Illeso;0;;;
2695253;16;12/02/2016 09:10;Strada Urbana;VIA VINCENZO TIZZANI;in corrispondenza;;del civico n.;80;;Scontro frontale/laterale SX fra veicoli in marcia;Curva senza visuale libera;Una carreggiata a senso unico di marcia;Bagnato (umidità in atto);Asfaltata;Verticale;Nuvoloso;Scarso;Buona;Ore Diurne;0;0;0;2;12,442;41,87068;-1;1;Autovettura privata;In marcia / fermata / arresto;Conducente;F;Illeso;0;;;
2695253;16;12/02/2016 09:10;Strada Urbana;VIA VINCENZO TIZZANI;in corrispondenza;;del civico n.;80;;Scontro frontale/laterale SX fra veicoli in marcia;Curva senza visuale libera;Una carreggiata a senso unico di marcia;Bagnato (umidità in atto);Asfaltata;Verticale;Nuvoloso;Scarso;Buona;Ore Diurne;0;0;0;2;12,442;41,87068;-1;2;Autovettura privata;In marcia / fermata / arresto;Conducente;F;Illeso;0;;;
2695257;3;13/02/2016 21:45;Strada Urbana;VIA PAVIA;in prossimità;;del civico n.;38;;Scontro frontale fra veicoli in marcia;Rettilineo;Una carreggiata a doppio senso;Asciutto;Asfaltata;Orizzontale;Sereno;Scarso;Buona;Sufficiente;0;0;0;2;12,51754;41,90815;-1;1;Veicolo speciale;In marcia / fermata / arresto;Conducente;M;Illeso;0;;Non accertato;Inesploso
2695257;3;13/02/2016 21:45;Strada Urbana;VIA PAVIA;in prossimità;;del civico n.;38;;Scontro frontale fra veicoli in marcia;Rettilineo;Una carreggiata a doppio senso;Asciutto;Asfaltata;Orizzontale;Sereno;Scarso;Buona;Sufficiente;0;0;0;2;12,51754;41,90815;-1;2;Motociclo a solo;In marcia / fermata / arresto;Conducente;M;Illeso;0;;Non accertato;
2695276;16;12/02/2016 14:00;Strada Urbana;VIA SILVESTRI;in corrispondenza;;del civico n.;10;;Scontro laterale fra veicoli in marcia;Rettilineo;Una carreggiata a doppio senso;Bagnato (pioggia);Asfaltata;Verticale ed orizzontale;Nuvoloso;Normale;Buona;Ore Diurne;2;0;0;1;12,43581;41,87794;-1;1;Motociclo con passeggero;In marcia / fermata / arresto;Conducente;M;Rimandato;0;NON DECEDUTO;Non accertato;
2695276;16;12/02/2016 14:00;Strada Urbana;VIA SILVESTRI;in corrispondenza;;del civico n.;10;;Scontro laterale fra veicoli in marcia;Rettilineo;Una carreggiata a doppio senso;Bagnato (pioggia);Asfaltata;Verticale ed orizzontale;Nuvoloso;Normale;Buona;Ore Diurne;2;0;0;1;12,43581;41,87794;-1;1;Motociclo con passeggero;In marcia / fermata / arresto;Passeggero;F;Rimandato;0;NON DECEDUTO;Non accertato;
2695276;16;12/02/2016 14:00;Strada Urbana;VIA SILVESTRI;in corrispondenza;;del civico n.;10;;Scontro laterale fra veicoli in marcia;Rettilineo;Una carreggiata a doppio senso;Bagnato (pioggia);Asfaltata;Verticale ed orizzontale;Nuvoloso;Normale;Buona;Ore Diurne;2;0;0;1;12,43581;41,87794;-1;2;Autovettura privata;In marcia / fermata / arresto;Conducente;M;Illeso;0;;Non accertato;
2695280;3;14/02/2016 23:00;Strada Urbana;VIALE DELLA PRIMAVERA;da specificare;;;;pross.tà  Tor de Schiavi;Scontro frontale/laterale DX fra veicoli in marcia;Rettilineo;Due carreggiate;Bagnato (pioggia);Asfaltata;Verticale ed orizzontale;Pioggia in atto;Normale;Sufficiente;Sufficiente;4;0;0;1;12,56052;41,88172;-1;1;Autovettura privata;In marcia / fermata / arresto;Conducente;M;Illeso;0;;Non accertato;Inesploso
2695280;3;14/02/2016 23:00;Strada Urbana;VIALE DELLA PRIMAVERA;da specificare;;;;pross.tà  Tor de Schiavi;Scontro frontale/laterale DX fra veicoli in marcia;Rettilineo;Due carreggiate;Bagnato (pioggia);Asfaltata;Verticale ed orizzontale;Pioggia in atto;Normale;Sufficiente;Sufficiente;4;0;0;1;12,56052;41,88172;-1;2;Autovettura privata;In marcia / fermata / arresto;Conducente;M;Rimandato;0;NON DECEDUTO;Non accertato;Inesploso
2695280;3;14/02/2016 23:00;Strada Urbana;VIALE DELLA PRIMAVERA;da specificare;;;;pross.tà  Tor de Schiavi;Scontro frontale/laterale DX fra veicoli in marcia;Rettilineo;Due carreggiate;Bagnato (pioggia);Asfaltata;Verticale ed orizzontale;Pioggia in atto;Normale;Sufficiente;Sufficiente;4;0;0;1;12,56052;41,88172;-1;2;Autovettura privata;In marcia / fermata / arresto;Passeggero;F;Rimandato;0;NON DECEDUTO;Non accertato;Inesploso
2695280;3;14/02/2016 23:00;Strada Urbana;VIALE DELLA PRIMAVERA;da specificare;;;;pross.tà  Tor de Schiavi;Scontro frontale/laterale DX fra veicoli in marcia;Rettilineo;Due carreggiate;Bagnato (pioggia);Asfaltata;Verticale ed orizzontale;Pioggia in atto;Normale;Sufficiente;Sufficiente;4;0;0;1;12,56052;41,88172;-1;2;Autovettura privata;In marcia / fermata / arresto;Passeggero;M;Rimandato;0;NON DECEDUTO;Non accertato;Inesploso
2695280;3;14/02/2016 23:00;Strada Urbana;VIALE DELLA PRIMAVERA;da specificare;;;;pross.tà  Tor de Schiavi;Scontro frontale/laterale DX fra veicoli in marcia;Rettilineo;Due carreggiate;Bagnato (pioggia);Asfaltata;Verticale ed orizzontale;Pioggia in atto;Normale;Sufficiente;Sufficiente;4;0;0;1;12,56052;41,88172;-1;2;Autovettura privata;In marcia / fermata / arresto;Passeggero;F;Rimandato;0;NON DECEDUTO;Non accertato;Inesploso
2695315;3;14/02/2016 03:50;Strada Urbana;VIA TIBURTINA;da specificare;;;;alt.Cir.ne Tiburtina imbocco Tang dir S. Giovanni;Veicolo in marcia contro ostacolo fisso;Curva a visuale libera;Una carreggiata a senso unico di marcia;Asciutto;Asfaltata;Verticale ed orizzontale;Sereno;Scarso;Sufficiente;Sufficiente;0;0;0;2;12,57323;41,92521;-1;1;Autovettura privata;In marcia / fermata / arresto;Conducente;M;Illeso;0;;Non accertato;Inesploso
2695315;3;14/02/2016 03:50;Strada Urbana;VIA TIBURTINA;da specificare;;;;alt.Cir.ne Tiburtina imbocco Tang dir S. Giovanni;Veicolo in marcia contro ostacolo fisso;Curva a visuale libera;Una carreggiata a senso unico di marcia;Asciutto;Asfaltata;Verticale ed orizzontale;Sereno;Scarso;Sufficiente;Sufficiente;0;0;0;2;12,57323;41,92521;-1;1;Autovettura privata;In marcia / fermata / arresto;Passeggero;M;Illeso;0;;Non accertato;Inesploso
2695318;19;13/02/2016 01:40;Strada Urbana;VIA FLAMINIA NUOVA;da specificare;;;;usc. sottopas. per Via Flaminia dir. Tor di Quinto;Fuoriuscita dalla sede stradale;Curva a visuale libera;Una carreggiata a senso unico di marcia;Bagnato (pioggia);Asfaltata;Assente;Pioggia in atto;Scarso;Buona;Sufficiente;1;0;0;0;12,4872;41,96095;-1;1;Autovettura privata;In marcia / fermata / arresto;Conducente;F;Rimandato;0;NON DECEDUTO;Non accertato;Inesploso
2695320;19;14/02/2016 19:05;Strada Urbana;VIA DELLA BALDUINA;in corrispondenza;;del civico n.;35;;Veicolo in marcia contro ostacolo accidentale;Rettilineo;Una carreggiata a doppio senso;Bagnato (pioggia);Asfaltata;Assente;Pioggia in atto;Scarso;Sufficiente;Sufficiente;0;0;0;1;12,44207;41,91557;-1;1;Motociclo a solo;In marcia / fermata / arresto;Conducente;M;Illeso;0;;;
2695325;16;12/02/2016 15:10;Strada Urbana;VIA ETTORE ROLLI;all'intersezione con;VIA PANFILO CASTALDI;VIA PANFILO CASTALDI;;;Tamponamento;Incrocio;Una carreggiata a doppio senso;Bagnato (umidità in atto);Asfaltata;Verticale ed orizzontale;Nuvoloso;Intenso;Buona;Ore Diurne;0;0;0;2;12,46761;41,87428;-1;1;Autovettura privata;In marcia / fermata / arresto;Conducente;F;Illeso;0;;Non accertato;
2695325;16;12/02/2016 15:10;Strada Urbana;VIA ETTORE ROLLI;all'intersezione con;VIA PANFILO CASTALDI;VIA PANFILO CASTALDI;;;Tamponamento;Incrocio;Una carreggiata a doppio senso;Bagnato (umidità in atto);Asfaltata;Verticale ed orizzontale;Nuvoloso;Intenso;Buona;Ore Diurne;0;0;0;2;12,46761;41,87428;-1;1;Autovettura privata;In marcia / fermata / arresto;Passeggero;M;Illeso;0;;Non accertato;Inesploso
2695329;2;14/02/2016 22:30;Strada Urbana;VIA DEL FORO ITALICO;da specificare;;;;alt. fermata ATAC n. 73950 dir. Stadio;Veicolo in marcia contro ostacolo fisso;Rettilineo;Una carreggiata a senso unico di marcia;Bagnato (pioggia);Asfaltata;Verticale ed orizzontale;Pioggia in atto;Scarso;Sufficiente;Sufficiente;0;0;0;1;12,49029;41,93939;-1;1;Autovettura privata;In marcia / fermata / arresto;Conducente;M;Illeso;0;;;
2695332;2;15/02/2016 03:25;Strada Urbana;CORSO D'ITALIA;da specificare;;;;pross. SOTTOVIA IGNAZIO GUIDI;Veicolo in marcia contro ostacolo fisso;Curva a visuale libera;Due carreggiate;Bagnato (pioggia);Asfaltata;Verticale ed orizzontale;Pioggia in atto;Scarso;Buona;Sufficiente;0;0;0;1;12,49398;41,91112;-1;1;Autovettura privata;In marcia / fermata / arresto;Conducente;M;Illeso;0;;;
2695334;3;15/02/2016 07:05;Strada Urbana;VIALE DELL'UNIVERSITA';all'intersezione semaforizzata con;VIALE DEL POLICLINICO;VIALE DEL POLICLINICO;;;Scontro frontale/laterale DX fra veicoli in marcia;Intersezione semaforizzata;Una carreggiata a doppio senso;Bagnato (pioggia);Asfaltata;Verticale ed orizzontale;Nuvoloso;Normale;Buona;Ore Diurne;1;0;0;1;12,5108;41,90403;-1;1;Autovettura privata;In marcia / fermata / arresto;Conducente;M;Illeso;0;;Non accertato;Inesploso