Protocollo;Gruppo;DataOraIncidente;Localizzazione1;STRADA1;Localizzazione2;STRADA2;Strada02;Chilometrica;DaSpecificare;NaturaIncidente;particolaritastrade;TipoStrada;FondoStradale;Pavimentazione;Segnaletica;CondizioneAtmosferica;Traffico;Visibilita;Illuminazione;NUM_FERITI;NUM_RISERVATA;NUM_MORTI;NUM_ILLESI;Longitudine;Latitudine;Confermato;Progressivo;TipoVeicolo;StatoVeicolo;TipoPersona;Sesso;Tipolesione;Deceduto;DecedutoDopo;CinturaCascoUtilizzato;Airbag
2712824;15;27/02/2016 12:35;Strada Urbana;VIA QUIRINO MAJORANA;all'intersezione con;VIA GIOVANNI CASELLI;VIA GIOVANNI CASELLI;;;Tamponamento;Incrocio;Due carreggiate;Asciutto;Asfaltata;Verticale ed orizzontale;Sereno;Normale;Buona;Ore Diurne;0;0;0;3;12,46208;41,86846;-1;1;Autovettura privata;In marcia / fermata / arresto;Conducente;M;Illeso;0;;;
2712824;15;27/02/2016 12:35;Strada Urbana;VIA QUIRINO MAJORANA;all'intersezione con;VIA GIOVANNI CASELLI;VIA GIOVANNI CASELLI;;;Tamponamento;Incrocio;Due carreggiate;Asciutto;Asfaltata;Verticale ed orizzontale;Sereno;Normale;Buona;Ore Diurne;0;0;0;3;12,46208;41,86846;-1;1;Autovettura privata;In marcia / fermata / arresto;Passeggero;F;Illeso;0;;;
2712824;15;27/02/2016 12:35;Strada Urbana;VIA QUIRINO MAJORANA;all'intersezione con;VIA GIOVANNI CASELLI;VIA GIOVANNI CASELLI;;;Tamponamento;Incrocio;Due carreggiate;Asciutto;Asfaltata;Verticale ed orizzontale;Sereno;Normale;Buona;Ore Diurne;0;0;0;3;12,46208;41,86846;-1;2;Motociclo a solo;In marcia / fermata / arresto;Conducente;M;Illeso;0;;;
2712934;13;27/02/2016 18:00;Strada Urbana;VIALE DEI ROMAGNOLI;da specificare;;;;"altezza fermata bus ""Staz. Acilia""";Tamponamento;Rettilineo;Una carreggiata a senso unico di marcia;Asciutto;Asfaltata;Assente;Sereno;Normale;Buona;Sufficiente;0;0;0;2;12,36006;41,78367;-1;1;Autovettura privata;In marcia / fermata / arresto;Conducente;F;Illeso;0;;Non accertato;Inesploso
2712934;13;27/02/2016 18:00;Strada Urbana;VIALE DEI ROMAGNOLI;da specificare;;;;"altezza fermata bus ""Staz. Acilia""";Tamponamento;Rettilineo;Una carreggiata a senso unico di marcia;Asciutto;Asfaltata;Assente;Sereno;Normale;Buona;Sufficiente;0;0;0;2;12,36006;41,78367;-1;2;Autovettura privata;In marcia / fermata / arresto;Conducente;F;Illeso;0;;Non accertato;Inesploso
2712945;7;26/02/2016 16:00;Provinciale entro l'abitato;VIA PRENESTINA;in prossimità;;del civico n.;697;;Veicolo in marcia contro ostacolo accidentale;Rettilineo;Una carreggiata a doppio senso;Asciutto;Asfaltata;Verticale ed orizzontale;Nuvoloso;Normale;Buona;Ore Diurne;0;0;0;1;12,58936;41,89411;-1;1;Autocarro inferiore 35 q.;In marcia / fermata / arresto;Conducente;M;Illeso;0;;Non accertato;Inesploso
2712957;7;27/02/2016 04:00;Provinciale entro l'abitato;VIA PRENESTINA;in prossimità;;del palo luce n.;537;;Veicolo in marcia contro ostacolo fisso;Curva senza visuale libera;Una carreggiata a doppio senso;Asciutto;Asfaltata;Orizzontale;Nuvoloso;Scarso;Sufficiente;Sufficiente;1;0;0;0;12,6069;41,89378;-1;1;Autovettura privata;In marcia / fermata / arresto;Conducente;M;Ricoverato;0;NON DECEDUTO;Non accertato;Inesploso
2712967;7;26/02/2016 17:45;Strada Urbana;VIALE PALMIRO TOGLIATTI;in prossimità;;del civico n.;725;;Tamponamento;Rettilineo;Due carreggiate;Asciutto;Asfaltata;Verticale ed orizzontale;Nuvoloso;Intenso;Buona;Ore Diurne;0;0;0;2;12,57293;41,88179;-1;1;Autovettura privata;In marcia / fermata / arresto;Conducente;F;Illeso;0;;Non accertato;Inesploso
2712967;7;26/02/2016 17:45;Strada Urbana;VIALE PALMIRO TOGLIATTI;in prossimità;;del civico n.;725;;Tamponamento;Rettilineo;Due carreggiate;Asciutto;Asfaltata;Verticale ed orizzontale;Nuvoloso;Intenso;Buona;Ore Diurne;0;0;0;2;12,57293;41,88179;-1;2;Motociclo a solo;In marcia / fermata / arresto;Conducente;M;Illeso;0;;Non accertato;
2712969;13;27/02/2016 19:35;Strada Urbana;VIA AGOSTINO CHIGI;in prossimità;;del civico n.;20;;Veicolo in marcia contro ostacolo accidentale;Rettilineo;Una carreggiata a doppio senso;Asciutto;Con buche;Assente;Nuvoloso;Normale;Insufficiente;Inesistente;0;0;0;4;12,31624;41,76463;-1;1;Autovettura privata;In marcia / fermata / arresto;Conducente;M;Illeso;0;;Non accertato;Inesploso
2712969;13;27/02/2016 19:35;Strada Urbana;VIA AGOSTINO CHIGI;in prossimità;;del civico n.;20;;Veicolo in marcia contro ostacolo accidentale;Rettilineo;Una carreggiata a doppio senso;Asciutto;Con buche;Assente;Nuvoloso;Normale;Insufficiente;Inesistente;0;0;0;4;12,31624;41,76463;-1;1;Autovettura privata;In marcia / fermata / arresto;Passeggero;F;Illeso;0;;Non accertato;Inesploso
2712969;13;27/02/2016 19:35;Strada Urbana;VIA AGOSTINO CHIGI;in prossimità;;del civico n.;20;;Veicolo in marcia contro ostacolo accidentale;Rettilineo;Una carreggiata a doppio senso;Asciutto;Con buche;Assente;Nuvoloso;Normale;Insufficiente;Inesistente;0;0;0;4;12,31624;41,76463;-1;1;Autovettura privata;In marcia / fermata / arresto;Passeggero;M;Illeso;0;;Non accertato;Inesistente
2712969;13;27/02/2016 19:35;Strada Urbana;VIA AGOSTINO CHIGI;in prossimità;;del civico n.;20;;Veicolo in marcia contro ostacolo accidentale;Rettilineo;Una carreggiata a doppio senso;Asciutto;Con buche;Assente;Nuvoloso;Normale;Insufficiente;Inesistente;0;0;0;4;12,31624;41,76463;-1;1;Autovettura privata;In marcia / fermata / arresto;Passeggero;M;Illeso;0;;Non accertato;Inesistente
2712976;10;27/02/2016 19:00;Strada Urbana;VIALE BRUNO RIZZIERI;da specificare;;;;rotatoria provenienza via Walter Procaccini;Scontro frontale/laterale SX fra veicoli in marcia;Rotatoria;Una carreggiata a senso unico di marcia;Asciutto;Asfaltata;Verticale ed orizzontale;Nuvoloso;Normale;Buona;Sufficiente;0;0;0;4;12,5831;41,8519;-1;1;Autovettura privata;In marcia / fermata / arresto;Conducente;M;Illeso;0;;Non accertato;Inesploso
2712976;10;27/02/2016 19:00;Strada Urbana;VIALE BRUNO RIZZIERI;da specificare;;;;rotatoria provenienza via Walter Procaccini;Scontro frontale/laterale SX fra veicoli in marcia;Rotatoria;Una carreggiata a senso unico di marcia;Asciutto;Asfaltata;Verticale ed orizzontale;Nuvoloso;Normale;Buona;Sufficiente;0;0;0;4;12,5831;41,8519;-1;2;Autovettura privata;In marcia / fermata / arresto;Conducente;M;Illeso;0;;Non accertato;Inesploso
2712976;10;27/02/2016 19:00;Strada Urbana;VIALE BRUNO RIZZIERI;da specificare;;;;rotatoria provenienza via Walter Procaccini;Scontro frontale/laterale SX fra veicoli in marcia;Rotatoria;Una carreggiata a senso unico di marcia;Asciutto;Asfaltata;Verticale ed orizzontale;Nuvoloso;Normale;Buona;Sufficiente;0;0;0;4;12,5831;41,8519;-1;2;Autovettura privata;In marcia / fermata / arresto;Passeggero;F;Illeso;0;;Non accertato;Inesploso
2712976;10;27/02/2016 19:00;Strada Urbana;VIALE BRUNO RIZZIERI;da specificare;;;;rotatoria provenienza via Walter Procaccini;Scontro frontale/laterale SX fra veicoli in marcia;Rotatoria;Una carreggiata a senso unico di marcia;Asciutto;Asfaltata;Verticale ed orizzontale;Nuvoloso;Normale;Buona;Sufficiente;0;0;0;4;12,5831;41,8519;-1;2;Autovettura privata;In marcia / fermata / arresto;Passeggero;F;Illeso;0;;Non accertato;Inesploso
2713049;6;27/02/2016 12:00;Strada Urbana;VIALE TELESE;in corrispondenza;;del civico n.;29;;Veicolo in marcia contro veicolo fermo;Rettilineo;Una carreggiata a doppio senso;Asciutto;Asfaltata;Verticale ed orizzontale;Nuvoloso;Scarso;Buona;Ore Diurne;0;0;0;2;12,54787;41,89225;-1;1;Autovettura privata;In marcia / fermata / arresto;Conducente;M;Illeso;0;;Non accertato;
2713049;6;27/02/2016 12:00;Strada Urbana;VIALE TELESE;in corrispondenza;;del civico n.;29;;Veicolo in marcia contro veicolo fermo;Rettilineo;Una carreggiata a doppio senso;Asciutto;Asfaltata;Verticale ed orizzontale;Nuvoloso;Scarso;Buona;Ore Diurne;0;0;0;2;12,54787;41,89225;-1;2;Autovettura privata;In marcia / fermata / arresto;Conducente;M;Illeso;0;;Non accertato;
2713082;10;28/02/2016 01:00;Strada Urbana;VIA TUSCOLANA;in prossimità;;del civico n.;1270;;Scontro frontale/laterale SX fra veicoli in marcia;Rettilineo;Due carreggiate;Asciutto;Asfaltata;Verticale ed orizzontale;Sereno;Scarso;Buona;Sufficiente;0;0;0;2;12,56317;41,85632;-1;1;Autovettura privata;In marcia / fermata / arresto;Conducente;F;Illeso;0;;Non accertato;Inesploso
2713082;10;28/02/2016 01:00;Strada Urbana;VIA TUSCOLANA;in prossimità;;del civico n.;1270;;Scontro frontale/laterale SX fra veicoli in marcia;Rettilineo;Due carreggiate;Asciutto;Asfaltata;Verticale ed orizzontale;Sereno;Scarso;Buona;Sufficiente;0;0;0;2;12,56317;41,85632;-1;2;Autovettura privata;In marcia / fermata / arresto;Conducente;M;Illeso;0;;Non accertato;Inesploso
2713145;1;28/02/2016 00:30;Strada Urbana;PIAZZA DI S. GIOVANNI IN LATERANO;in prossimità;;del palo luce n.;38;;Scontro frontale fra veicoli in marcia;Rettilineo;Una carreggiata a doppio senso;Asciutto;Asfaltata;Verticale ed orizzontale;Sereno;Scarso;Sufficiente;Sufficiente;3;0;0;2;12,50548;41,88733;-1;1;Autovettura privata;In marcia / fermata / arresto;Conducente;M;Rimandato;0;NON DECEDUTO;Non accertato;Esploso
2713145;1;28/02/2016 00:30;Strada Urbana;PIAZZA DI S. GIOVANNI IN LATERANO;in prossimità;;del palo luce n.;38;;Scontro frontale fra veicoli in marcia;Rettilineo;Una carreggiata a doppio senso;Asciutto;Asfaltata;Verticale ed orizzontale;Sereno;Scarso;Sufficiente;Sufficiente;3;0;0;2;12,50548;41,88733;-1;1;Autovettura privata;In marcia / fermata / arresto;Passeggero;M;Rimandato;0;NON DECEDUTO;Non accertato;Esploso
2713145;1;28/02/2016 00:30;Strada Urbana;PIAZZA DI S. GIOVANNI IN LATERANO;in prossimità;;del palo luce n.;38;;Scontro frontale fra veicoli in marcia;Rettilineo;Una carreggiata a doppio senso;Asciutto;Asfaltata;Verticale ed orizzontale;Sereno;Scarso;Sufficiente;Sufficiente;3;0;0;2;12,50548;41,88733;-1;1;Autovettura privata;In marcia / fermata / arresto;Passeggero;M;Rimandato;0;NON DECEDUTO;Non accertato;
2713145;1;28/02/2016 00:30;Strada Urbana;PIAZZA DI S. GIOVANNI IN LATERANO;in prossimità;;del palo luce n.;38;;Scontro frontale fra veicoli in marcia;Rettilineo;Una carreggiata a doppio senso;Asciutto;Asfaltata;Verticale ed orizzontale;Sereno;Scarso;Sufficiente;Sufficiente;3;0;0;2;12,50548;41,88733;-1;2;Autovettura privata;In marcia / fermata / arresto;Conducente;M;Illeso;0;;Non accertato;Esploso
2713145;1;28/02/2016 00:30;Strada Urbana;PIAZZA DI S. GIOVANNI IN LATERANO;in prossimità;;del palo luce n.;38;;Scontro frontale fra veicoli in marcia;Rettilineo;Una carreggiata a doppio senso;Asciutto;Asfaltata;Verticale ed orizzontale;Sereno;Scarso;Sufficiente;Sufficiente;3;0;0;2;12,50548;41,88733;-1;2;Autovettura privata;In marcia / fermata / arresto;Passeggero;M;Illeso;0;;Non accertato;Esploso
2713166;20;27/02/2016 13:21;Strada Urbana;VIALE CORTINA D'AMPEZZO;in corrispondenza;;del palo luce n.;12;;Veicolo in marcia contro ostacolo fisso;Rettilineo;Una carreggiata a doppio senso;Asciutto;Asfaltata;Verticale ed orizzontale;Nuvoloso;Scarso;Buona;Ore Diurne;0;0;0;1;12,44368;41,94779;-1;1;Quadriciclo leggero;In marcia / fermata / arresto;Conducente;M;Illeso;0;;;
2713173;1;27/02/2016 15:20;Strada Urbana;VIA DELLE FRATTE DI TRASTEVERE;in corrispondenza;;del civico n.;19/D;;Veicolo in marcia contro ostacolo accidentale;Rettilineo;Una carreggiata a senso unico di marcia;Asciutto;In cubetti di porfido;Verticale ed orizzontale;Nuvoloso;Scarso;Sufficiente;Ore Diurne;0;0;0;1;12,47145;41,88792;-1;1;Autovettura privata;In marcia / fermata / arresto;Conducente;M;Illeso;0;;Non accertato;Inesploso
2713190;10;28/02/2016;Strada Urbana;VIA POLIA;in prossimità;;del civico n.;19;;Veicolo in marcia contro veicoli in sosta;Rettilineo;Più di due carreggiate;Asciutto;Asfaltata;Verticale;Nuvoloso;Scarso;Buona;Ore Diurne;0;0;0;1;12,55725;41,83641;-1;1;Autovettura privata;Allontanatosi;Conducente;F;Illeso;0;;Non accertato;Inesploso
2713212;1;27/02/2016 18:15;Strada Urbana;PIAZZA DEL GRILLO;in prossimità;;del civico n.;fc 10;;Veicolo in marcia contro ostacolo accidentale;Rettilineo;Una carreggiata a senso unico di marcia;Asciutto;Asfaltata;Verticale ed orizzontale;Sereno;Normale;Sufficiente;Sufficiente;0;0;0;3;12,48697;41,89474;-1;1;Autovettura privata;In marcia / fermata / arresto;Conducente;M;Illeso;0;;Non accertato;
2713212;1;27/02/2016 18:15;Strada Urbana;PIAZZA DEL GRILLO;in prossimità;;del civico n.;fc 10;;Veicolo in marcia contro ostacolo accidentale;Rettilineo;Una carreggiata a senso unico di marcia;Asciutto;Asfaltata;Verticale ed orizzontale;Sereno;Normale;Sufficiente;Sufficiente;0;0;0;3;12,48697;41,89474;-1;1;Autovettura privata;In marcia / fermata / arresto;Passeggero;F;Illeso;0;;Non accertato;
2713212;1;27/02/2016 18:15;Strada Urbana;PIAZZA DEL GRILLO;in prossimità;;del civico n.;fc 10;;Veicolo in marcia contro ostacolo accidentale;Rettilineo;Una carreggiata a senso unico di marcia;Asciutto;Asfaltata;Verticale ed orizzontale;Sereno;Normale;Sufficiente;Sufficiente;0;0;0;3;12,48697;41,89474;-1;1;Autovettura privata;In marcia / fermata / arresto;Passeggero;F;Illeso;0;;Non accertato;
2713246;6;28/02/2016 11:15;Strada Urbana;VIA GIORGIO PITACCO;in prossimità;;del civico n.;23;;Veicolo in marcia contro veicolo in sosta;Rettilineo;Una carreggiata a senso unico di marcia;Asciutto;Asfaltata;Orizzontale;Sereno;Normale;Buona;Ore Diurne;0;0;0;1;12,54765;41,89403;-1;1;Autovettura privata;In marcia / fermata / arresto;Conducente;M;Illeso;0;;;
2713449;12;28/02/2016 13:00;Strada Urbana;VIA LAURENTINA;da specificare;;;;altezza rotatoria via Castel di Leva;Scontro laterale fra veicoli in marcia;Rotatoria;Una carreggiata a senso unico di marcia;Bagnato (pioggia);Asfaltata;Verticale ed orizzontale;Pioggia in atto;Scarso;Buona;Ore Diurne;0;0;0;3;12,48203;41,78779;-1;1;Motociclo a solo;In marcia / fermata / arresto;Conducente;M;Illeso;0;;Utilizzato;
2713449;12;28/02/2016 13:00;Strada Urbana;VIA LAURENTINA;da specificare;;;;altezza rotatoria via Castel di Leva;Scontro laterale fra veicoli in marcia;Rotatoria;Una carreggiata a senso unico di marcia;Bagnato (pioggia);Asfaltata;Verticale ed orizzontale;Pioggia in atto;Scarso;Buona;Ore Diurne;0;0;0;3;12,48203;41,78779;-1;2;Autovettura privata;In marcia / fermata / arresto;Conducente;M;Illeso;0;;Utilizzato;
2713449;12;28/02/2016 13:00;Strada Urbana;VIA LAURENTINA;da specificare;;;;altezza rotatoria via Castel di Leva;Scontro laterale fra veicoli in marcia;Rotatoria;Una carreggiata a senso unico di marcia;Bagnato (pioggia);Asfaltata;Verticale ed orizzontale;Pioggia in atto;Scarso;Buona;Ore Diurne;0;0;0;3;12,48203;41,78779;-1;2;Autovettura privata;In marcia / fermata / arresto;Passeggero;F;Illeso;0;;Utilizzato;Inesploso
2713497;12;28/02/2016 14:45;Strada Urbana;VIALE DELL'OCEANO ATLANTICO;all'intersezione con;PIAZZA CARLO VITA FINZI;PIAZZA CARLO VITA FINZI;;;Tamponamento;Incrocio;Due carreggiate;Bagnato (pioggia);Asfaltata;Verticale ed orizzontale;Pioggia in atto;Scarso;Buona;Ore Diurne;0;0;0;2;12,4789;41,82068;-1;1;Autovettura privata;In marcia / fermata / arresto;Conducente;M;Illeso;0;;Utilizzato;
2713497;12;28/02/2016 14:45;Strada Urbana;VIALE DELL'OCEANO ATLANTICO;all'intersezione con;PIAZZA CARLO VITA FINZI;PIAZZA CARLO VITA FINZI;;;Tamponamento;Incrocio;Due carreggiate;Bagnato (pioggia);Asfaltata;Verticale ed orizzontale;Pioggia in atto;Scarso;Buona;Ore Diurne;0;0;0;2;12,4789;41,82068;-1;2;Autovettura privata;In marcia / fermata / arresto;Conducente;M;Illeso;0;;Utilizzato;Inesploso
2713505;9;27/02/2016 08:30;Strada Urbana;PIAZZA ZAMA;da specificare;;;;fronte VIA SIRIA;Veicolo in marcia contro veicolo in sosta;Rettilineo;Una carreggiata a senso unico di marcia;Bagnato (pioggia);Asfaltata;Verticale ed orizzontale;Nuvoloso;Scarso;Buona;Ore Diurne;0;0;0;1;12,51032;41,87586;-1;1;Autovettura privata;In marcia / fermata / arresto;Conducente;M;Illeso;0;;Non accertato;Inesploso
2713521;9;27/02/2016 14:45;Strada Urbana;PIAZZA DI PONTE LUNGO;da specificare;;;;fronte 30;Scontro laterale fra veicoli in marcia;Rettilineo;Due carreggiate;Asciutto;Asfaltata;Verticale ed orizzontale;Nuvoloso;Normale;Buona;Ore Diurne;0;0;0;5;12,51883;41,87765;-1;1;Autovettura privata;In marcia / fermata / arresto;Conducente;F;Illeso;0;;Non accertato;Inesploso
2713521;9;27/02/2016 14:45;Strada Urbana;PIAZZA DI PONTE LUNGO;da specificare;;;;fronte 30;Scontro laterale fra veicoli in marcia;Rettilineo;Due carreggiate;Asciutto;Asfaltata;Verticale ed orizzontale;Nuvoloso;Normale;Buona;Ore Diurne;0;0;0;5;12,51883;41,87765;-1;1;Autovettura privata;In marcia / fermata / arresto;Passeggero;M;Illeso;0;;Non accertato;Inesploso
2713521;9;27/02/2016 14:45;Strada Urbana;PIAZZA DI PONTE LUNGO;da specificare;;;;fronte 30;Scontro laterale fra veicoli in marcia;Rettilineo;Due carreggiate;Asciutto;Asfaltata;Verticale ed orizzontale;Nuvoloso;Normale;Buona;Ore Diurne;0;0;0;5;12,51883;41,87765;-1;1;Autovettura privata;In marcia / fermata / arresto;Passeggero;F;Illeso;0;;Non accertato;Inesploso
2713521;9;27/02/2016 14:45;Strada Urbana;PIAZZA DI PONTE LUNGO;da specificare;;;;fronte 30;Scontro laterale fra veicoli in marcia;Rettilineo;Due carreggiate;Asciutto;Asfaltata;Verticale ed orizzontale;Nuvoloso;Normale;Buona;Ore Diurne;0;0;0;5;12,51883;41,87765;-1;2;Autocarro inferiore 35 q.;In marcia / fermata / arresto;Conducente;M;Illeso;0;;Non accertato;Inesploso
2713521;9;27/02/2016 14:45;Strada Urbana;PIAZZA DI PONTE LUNGO;da specificare;;;;fronte 30;Scontro laterale fra veicoli in marcia;Rettilineo;Due carreggiate;Asciutto;Asfaltata;Verticale ed orizzontale;Nuvoloso;Normale;Buona;Ore Diurne;0;0;0;5;12,51883;41,87765;-1;2;Autocarro inferiore 35 q.;In marcia / fermata / arresto;Passeggero;F;Illeso;0;;Non accertato;Inesploso
2713577;13;25/02/2016 11:20;Strada Urbana;VIA DI CASTEL FUSANO;all'intersezione semaforizzata con;VIA OSTIENSE;VIA OSTIENSE;;;Scontro frontale/laterale DX fra veicoli in marcia;Intersezione semaforizzata;Una carreggiata a doppio senso;Asciutto;Asfaltata;Verticale ed orizzontale;Sereno;Normale;Buona;Ore Diurne;0;0;0;2;12,31188;41,74604;-1;1;Autovettura privata;In marcia / fermata / arresto;Conducente;M;Illeso;0;;Non accertato;Inesploso
2713577;13;25/02/2016 11:20;Strada Urbana;VIA DI CASTEL FUSANO;all'intersezione semaforizzata con;VIA OSTIENSE;VIA OSTIENSE;;;Scontro frontale/laterale DX fra veicoli in marcia;Intersezione semaforizzata;Una carreggiata a doppio senso;Asciutto;Asfaltata;Verticale ed orizzontale;Sereno;Normale;Buona;Ore Diurne;0;0;0;2;12,31188;41,74604;-1;2;Autovettura privata;In marcia / fermata / arresto;Conducente;F;Illeso;0;;Non accertato;Inesploso
2713595;13;26/02/2016 14:20;Strada Urbana;VIA DELLE BALENIERE;all'intersezione con;VIA DELLE MOLUCCHE;VIA DELLE MOLUCCHE;;;Scontro frontale/laterale SX fra veicoli in marcia;Intersezione stradale segnalata;Una carreggiata a doppio senso;Asciutto;Asfaltata;Verticale ed orizzontale;Sereno;Normale;Buona;Ore Diurne;0;0;0;2;12,28046;41,73985;-1;1;Autovettura privata;In marcia / fermata / arresto;Conducente;M;Illeso;0;;Non accertato;Inesploso
2713595;13;26/02/2016 14:20;Strada Urbana;VIA DELLE BALENIERE;all'intersezione con;VIA DELLE MOLUCCHE;VIA DELLE MOLUCCHE;;;Scontro frontale/laterale SX fra veicoli in marcia;Intersezione stradale segnalata;Una carreggiata a doppio senso;Asciutto;Asfaltata;Verticale ed orizzontale;Sereno;Normale;Buona;Ore Diurne;0;0;0;2;12,28046;41,73985;-1;2;Autovettura privata;In marcia / fermata / arresto;Conducente;M;Illeso;0;;Non accertato;Inesploso
2713627;13;26/02/2016 11:15;Strada Urbana;VIALE DEI ROMAGNOLI;da specificare;;;;PROX SEMAFORO VIA CARLO CASINI;Tamponamento Multiplo;Rettilineo;Una carreggiata a doppio senso;Asciutto;Asfaltata;Assente;Sereno;Normale;Buona;Ore Diurne;0;0;0;4;12,32203;41,76901;-1;1;Autovettura privata;In marcia / fermata / arresto;Conducente;M;Illeso;0;;Non accertato;Inesploso
2713627;13;26/02/2016 11:15;Strada Urbana;VIALE DEI ROMAGNOLI;da specificare;;;;PROX SEMAFORO VIA CARLO CASINI;Tamponamento Multiplo;Rettilineo;Una carreggiata a doppio senso;Asciutto;Asfaltata;Assente;Sereno;Normale;Buona;Ore Diurne;0;0;0;4;12,32203;41,76901;-1;2;Autovettura privata;In marcia / fermata / arresto;Conducente;F;Illeso;0;;Non accertato;Inesploso
2713627;13;26/02/2016 11:15;Strada Urbana;VIALE DEI ROMAGNOLI;da specificare;;;;PROX SEMAFORO VIA CARLO CASINI;Tamponamento Multiplo;Rettilineo;Una carreggiata a doppio senso;Asciutto;Asfaltata;Assente;Sereno;Normale;Buona;Ore Diurne;0;0;0;4;12,32203;41,76901;-1;2;Autovettura privata;In marcia / fermata / arresto;Passeggero;F;Illeso;0;;Non accertato;Inesploso
2713627;13;26/02/2016 11:15;Strada Urbana;VIALE DEI ROMAGNOLI;da specificare;;;;PROX SEMAFORO VIA CARLO CASINI;Tamponamento Multiplo;Rettilineo;Una carreggiata a doppio senso;Asciutto;Asfaltata;Assente;Sereno;Normale;Buona;Ore Diurne;0;0;0;4;12,32203;41,76901;-1;3;Autovettura privata;In marcia / fermata / arresto;Conducente;M;Illeso;0;;Non accertato;Inesploso
2713660;13;26/02/2016 14:45;Strada Urbana;VIA DEI VELIERI;all'intersezione con;VIA DEI TRAGHETTI;VIA DEI TRAGHETTI;;;Scontro laterale fra veicoli in marcia;Incrocio;Due carreggiate;Asciutto;Asfaltata;Orizzontale;Sereno;Normale;Buona;Ore Diurne;1;0;0;2;12,27552;41,73638;-1;1;Autovettura privata;In marcia / fermata / arresto;Conducente;F;Illeso;0;;Non accertato;Inesploso
2713660;13;26/02/2016 14:45;Strada Urbana;VIA DEI VELIERI;all'intersezione con;VIA DEI TRAGHETTI;VIA DEI TRAGHETTI;;;Scontro laterale fra veicoli in marcia;Incrocio;Due carreggiate;Asciutto;Asfaltata;Orizzontale;Sereno;Normale;Buona;Ore Diurne;1;0;0;2;12,27552;41,73638;-1;1;Autovettura privata;In marcia / fermata / arresto;Passeggero;M;Illeso;0;;Non accertato;Inesploso
2713660;13;26/02/2016 14:45;Strada Urbana;VIA DEI VELIERI;all'intersezione con;VIA DEI TRAGHETTI;VIA DEI TRAGHETTI;;;Scontro laterale fra veicoli in marcia;Incrocio;Due carreggiate;Asciutto;Asfaltata;Orizzontale;Sereno;Normale;Buona;Ore Diurne;1;0;0;2;12,27552;41,73638;-1;2;Velocipede;In marcia / fermata / arresto;Conducente;M;Rimandato;0;NON DECEDUTO;Esente;
2713681;13;26/02/2016 12:05;Strada Urbana;VIA GIANCARLO PASSERONI;da specificare;;;;CORRISPONDENZA INGRESSO OSPEDALE G.B. GRASSI;Scontro frontale/laterale DX fra veicoli in marcia;Rettilineo;Una carreggiata a doppio senso;Asciutto;Asfaltata;Assente;Sereno;Normale;Buona;Ore Diurne;0;0;0;2;12,29811;41,72956;-1;1;Autovettura privata;In marcia / fermata / arresto;Conducente;M;Illeso;0;;Non accertato;Inesploso
2713681;13;26/02/2016 12:05;Strada Urbana;VIA GIANCARLO PASSERONI;da specificare;;;;CORRISPONDENZA INGRESSO OSPEDALE G.B. GRASSI;Scontro frontale/laterale DX fra veicoli in marcia;Rettilineo;Una carreggiata a doppio senso;Asciutto;Asfaltata;Assente;Sereno;Normale;Buona;Ore Diurne;0;0;0;2;12,29811;41,72956;-1;2;Autovettura privata;In marcia / fermata / arresto;Conducente;M;Illeso;0;;Non accertato;Inesploso
2713891;15;28/02/2016 19:00;Strada Urbana;VIA GIOVANNI CASELLI;in corrispondenza;;del civico n.;57;;Veicolo in marcia contro ostacolo accidentale;Rettilineo;Due carreggiate;Bagnato (pioggia);Asfaltata;Assente;Vento forte;Scarso;Buona;Sufficiente;0;0;0;1;12,46343;41,86957;-1;3;Ciclomotore;In marcia / fermata / arresto;Conducente;M;Illeso;0;;Utilizzato;
2713894;15;28/02/2016 13:00;Strada Urbana;VIA ALBERESE;in prossimità;;del civico n.;42;;Scontro frontale/laterale SX fra veicoli in marcia;Curva senza visuale libera;Una carreggiata a doppio senso;Bagnato (umidità in atto);Asfaltata;Verticale ed orizzontale;Pioggia in atto;Scarso;Sufficiente;Ore Diurne;2;0;0;1;12,44095;41,84885;-1;1;Autovettura privata;In marcia / fermata / arresto;Conducente;M;Rimandato;0;NON DECEDUTO;Non accertato;Esploso
2713894;15;28/02/2016 13:00;Strada Urbana;VIA ALBERESE;in prossimità;;del civico n.;42;;Scontro frontale/laterale SX fra veicoli in marcia;Curva senza visuale libera;Una carreggiata a doppio senso;Bagnato (umidità in atto);Asfaltata;Verticale ed orizzontale;Pioggia in atto;Scarso;Sufficiente;Ore Diurne;2;0;0;1;12,44095;41,84885;-1;1;Autovettura privata;In marcia / fermata / arresto;Passeggero;M;Illeso;0;;Non accertato;Inesploso
2713894;15;28/02/2016 13:00;Strada Urbana;VIA ALBERESE;in prossimità;;del civico n.;42;;Scontro frontale/laterale SX fra veicoli in marcia;Curva senza visuale libera;Una carreggiata a doppio senso;Bagnato (umidità in atto);Asfaltata;Verticale ed orizzontale;Pioggia in atto;Scarso;Sufficiente;Ore Diurne;2;0;0;1;12,44095;41,84885;-1;2;Autovettura privata;In marcia / fermata / arresto;Conducente;M;Ricoverato;0;NON DECEDUTO;Non accertato;Inesistente
2714008;10;28/02/2016 13:45;Strada Urbana;VIA APPIA NUOVA;da specificare;;;;civico 1009 altezza dazio;Tamponamento;Rettilineo;Due carreggiate;Bagnato (pioggia);Asfaltata;Verticale ed orizzontale;Pioggia in atto;Scarso;Buona;Ore Diurne;0;0;0;3;12,5533;41,83347;-1;1;Autovettura privata;In marcia / fermata / arresto;Conducente;M;Illeso;0;;Non accertato;Inesploso