Protocollo;Gruppo;DataOraIncidente;Localizzazione1;STRADA1;Localizzazione2;STRADA2;Strada02;Chilometrica;DaSpecificare;NaturaIncidente;particolaritastrade;TipoStrada;FondoStradale;Pavimentazione;Segnaletica;CondizioneAtmosferica;Traffico;Visibilita;Illuminazione;NUM_FERITI;NUM_RISERVATA;NUM_MORTI;NUM_ILLESI;Longitudine;Latitudine;Confermato;Progressivo;TipoVeicolo;StatoVeicolo;TipoPersona;Sesso;Tipolesione;Deceduto;DecedutoDopo;CinturaCascoUtilizzato;Airbag
2716209;2;29/02/2016 13:30;Strada Urbana;CIRCONVALLAZIONE SALARIA;da specificare;;;;uscita via Salaria dir. centro;Scontro frontale/laterale DX fra veicoli in marcia;Rettilineo;Due carreggiate;Bagnato (pioggia);Asfaltata;Orizzontale;Nuvoloso;Normale;Buona;Ore Diurne;0;0;0;3;12,52086;41,93447;-1;2;Autovettura privata;In marcia / fermata / arresto;Conducente;F;Illeso;0;;;
2716209;2;29/02/2016 13:30;Strada Urbana;CIRCONVALLAZIONE SALARIA;da specificare;;;;uscita via Salaria dir. centro;Scontro frontale/laterale DX fra veicoli in marcia;Rettilineo;Due carreggiate;Bagnato (pioggia);Asfaltata;Orizzontale;Nuvoloso;Normale;Buona;Ore Diurne;0;0;0;3;12,52086;41,93447;-1;2;Autovettura privata;In marcia / fermata / arresto;Passeggero;F;Illeso;0;;;
2716228;18;28/02/2016 15:20;Strada Urbana;VIA DI PORTA CAVALLEGGERI;da specificare;;;;sottopasso;Veicolo in marcia contro ostacolo fisso;Sottopasso illuminato;Una carreggiata a senso unico di marcia;Asciutto;Asfaltata;Orizzontale;Sereno;Normale;Sufficiente;Ore Diurne;0;0;0;1;12,45658;41,90018;-1;1;Autovettura privata;In marcia / fermata / arresto;Conducente;F;Illeso;0;;;
2716294;12;29/02/2016 19:30;Regionale;VIA PONTINA;da specificare;;;;direzione Pomezia altezza Spinaceto;Veicolo in marcia contro ostacolo accidentale;Rettilineo;Due carreggiate;Bagnato (pioggia);Con buche;Verticale ed orizzontale;Pioggia in atto;Normale;Insufficiente;Inesistente;0;0;0;1;12,45106;41,79235;-1;1;Autovettura privata;In marcia / fermata / arresto;Conducente;M;Illeso;0;;Utilizzato;Inesploso
2716303;1;29/02/2016 11:50;Strada Urbana;VIA ODDONE DI CLUNY;in prossimità;;del civico n.;8;;Veicolo in marcia contro veicolo in sosta;Rettilineo;Una carreggiata a senso unico di marcia;Bagnato (pioggia);Asfaltata;Verticale ed orizzontale;Pioggia in atto;Scarso;Buona;Ore Diurne;0;0;0;1;12,48063;41,87983;-1;1;Autovettura privata;In marcia / fermata / arresto;Conducente;F;Illeso;0;;;
2716384;12;29/02/2016 19:00;Strada Urbana;VIALE DON PASQUINO BORGHI;in prossimità;;del civico n.;119;;Veicolo in marcia contro ostacolo fisso;Rettilineo;Una carreggiata a doppio senso;Bagnato (pioggia);Lastricata;Assente;Pioggia in atto;Scarso;Sufficiente;Sufficiente;0;0;0;1;12,44597;41,80876;-1;1;Autovettura privata;In marcia / fermata / arresto;Conducente;M;Illeso;0;;Utilizzato;Inesploso
2716385;1;29/02/2016 15:15;Strada Urbana;VIA DEI FORI IMPERIALI;all'intersezione con;PIAZZA DELLA MADONNA DI LORETO;PIAZZA DELLA MADONNA DI LORETO;;;Scontro laterale fra veicoli in marcia;Incrocio;Una carreggiata a doppio senso;Bagnato (pioggia);Lastricata;Verticale ed orizzontale;Pioggia in atto;Scarso;Buona;Ore Diurne;1;0;0;1;12,48715;41,89324;-1;1;Velocipede;In marcia / fermata / arresto;Conducente;F;Rimandato;0;NON DECEDUTO;Esente;
2716385;1;29/02/2016 15:15;Strada Urbana;VIA DEI FORI IMPERIALI;all'intersezione con;PIAZZA DELLA MADONNA DI LORETO;PIAZZA DELLA MADONNA DI LORETO;;;Scontro laterale fra veicoli in marcia;Incrocio;Una carreggiata a doppio senso;Bagnato (pioggia);Lastricata;Verticale ed orizzontale;Pioggia in atto;Scarso;Buona;Ore Diurne;1;0;0;1;12,48715;41,89324;-1;2;Autovettura privata;In marcia / fermata / arresto;Conducente;M;Illeso;0;;Non accertato;
2716398;1;28/02/2016 04:45;Strada Urbana;VIALE MARCO POLO;in corrispondenza;;del civico n.;42;;Tamponamento Multiplo;Rettilineo;Una carreggiata a doppio senso;Asciutto;Asfaltata;Verticale ed orizzontale;Sereno;Scarso;Sufficiente;Sufficiente;0;0;0;7;12,48614;41,8745;-1;1;Autovettura privata;In marcia / fermata / arresto;Conducente;M;Illeso;0;;Non accertato;
2716398;1;28/02/2016 04:45;Strada Urbana;VIALE MARCO POLO;in corrispondenza;;del civico n.;42;;Tamponamento Multiplo;Rettilineo;Una carreggiata a doppio senso;Asciutto;Asfaltata;Verticale ed orizzontale;Sereno;Scarso;Sufficiente;Sufficiente;0;0;0;7;12,48614;41,8745;-1;1;Autovettura privata;In marcia / fermata / arresto;Passeggero;M;Illeso;0;;Non accertato;
2716398;1;28/02/2016 04:45;Strada Urbana;VIALE MARCO POLO;in corrispondenza;;del civico n.;42;;Tamponamento Multiplo;Rettilineo;Una carreggiata a doppio senso;Asciutto;Asfaltata;Verticale ed orizzontale;Sereno;Scarso;Sufficiente;Sufficiente;0;0;0;7;12,48614;41,8745;-1;1;Autovettura privata;In marcia / fermata / arresto;Passeggero;M;Illeso;0;;Non accertato;
2716398;1;28/02/2016 04:45;Strada Urbana;VIALE MARCO POLO;in corrispondenza;;del civico n.;42;;Tamponamento Multiplo;Rettilineo;Una carreggiata a doppio senso;Asciutto;Asfaltata;Verticale ed orizzontale;Sereno;Scarso;Sufficiente;Sufficiente;0;0;0;7;12,48614;41,8745;-1;1;Autovettura privata;In marcia / fermata / arresto;Passeggero;F;Illeso;0;;Non accertato;
2716398;1;28/02/2016 04:45;Strada Urbana;VIALE MARCO POLO;in corrispondenza;;del civico n.;42;;Tamponamento Multiplo;Rettilineo;Una carreggiata a doppio senso;Asciutto;Asfaltata;Verticale ed orizzontale;Sereno;Scarso;Sufficiente;Sufficiente;0;0;0;7;12,48614;41,8745;-1;2;Autovettura privata;In marcia / fermata / arresto;Conducente;M;Illeso;0;;Non accertato;
2716398;1;28/02/2016 04:45;Strada Urbana;VIALE MARCO POLO;in corrispondenza;;del civico n.;42;;Tamponamento Multiplo;Rettilineo;Una carreggiata a doppio senso;Asciutto;Asfaltata;Verticale ed orizzontale;Sereno;Scarso;Sufficiente;Sufficiente;0;0;0;7;12,48614;41,8745;-1;3;Autovettura privata;In marcia / fermata / arresto;Conducente;F;Illeso;0;;Non accertato;
2716768;18;29/02/2016 15:30;Strada Urbana;VIA PIO IX;all'intersezione con;VIA MARTINO V;VIA MARTINO V;;;Tamponamento;Incrocio;Una carreggiata a senso unico di marcia;Bagnato (pioggia);Asfaltata;Verticale ed orizzontale;Nuvoloso;Normale;Sufficiente;Ore Diurne;1;0;0;5;12,42378;41,90654;-1;1;Autovettura privata;In marcia / fermata / arresto;Conducente;M;Illeso;0;;Non accertato;Inesploso
2716768;18;29/02/2016 15:30;Strada Urbana;VIA PIO IX;all'intersezione con;VIA MARTINO V;VIA MARTINO V;;;Tamponamento;Incrocio;Una carreggiata a senso unico di marcia;Bagnato (pioggia);Asfaltata;Verticale ed orizzontale;Nuvoloso;Normale;Sufficiente;Ore Diurne;1;0;0;5;12,42378;41,90654;-1;1;Autovettura privata;In marcia / fermata / arresto;Passeggero;M;Illeso;0;;Non accertato;Inesploso
2716768;18;29/02/2016 15:30;Strada Urbana;VIA PIO IX;all'intersezione con;VIA MARTINO V;VIA MARTINO V;;;Tamponamento;Incrocio;Una carreggiata a senso unico di marcia;Bagnato (pioggia);Asfaltata;Verticale ed orizzontale;Nuvoloso;Normale;Sufficiente;Ore Diurne;1;0;0;5;12,42378;41,90654;-1;1;Autovettura privata;In marcia / fermata / arresto;Passeggero;M;Illeso;0;;Non accertato;Inesploso
2716768;18;29/02/2016 15:30;Strada Urbana;VIA PIO IX;all'intersezione con;VIA MARTINO V;VIA MARTINO V;;;Tamponamento;Incrocio;Una carreggiata a senso unico di marcia;Bagnato (pioggia);Asfaltata;Verticale ed orizzontale;Nuvoloso;Normale;Sufficiente;Ore Diurne;1;0;0;5;12,42378;41,90654;-1;1;Autovettura privata;In marcia / fermata / arresto;Passeggero;F;Illeso;0;;Non accertato;Inesploso
2716768;18;29/02/2016 15:30;Strada Urbana;VIA PIO IX;all'intersezione con;VIA MARTINO V;VIA MARTINO V;;;Tamponamento;Incrocio;Una carreggiata a senso unico di marcia;Bagnato (pioggia);Asfaltata;Verticale ed orizzontale;Nuvoloso;Normale;Sufficiente;Ore Diurne;1;0;0;5;12,42378;41,90654;-1;2;Autocarro inferiore 35 q.;In marcia / fermata / arresto;Conducente;M;Illeso;0;;Non accertato;Inesploso
2716768;18;29/02/2016 15:30;Strada Urbana;VIA PIO IX;all'intersezione con;VIA MARTINO V;VIA MARTINO V;;;Tamponamento;Incrocio;Una carreggiata a senso unico di marcia;Bagnato (pioggia);Asfaltata;Verticale ed orizzontale;Nuvoloso;Normale;Sufficiente;Ore Diurne;1;0;0;5;12,42378;41,90654;-1;2;Autocarro inferiore 35 q.;In marcia / fermata / arresto;Passeggero;M;Rimandato;0;NON DECEDUTO;Non accertato;Inesploso
2716773;23;29/02/2016 11:30;Strada Urbana;LUNGOTEVERE RIPA;da specificare;;;;via Ripense;Scontro laterale fra veicoli in marcia;Rettilineo;Una carreggiata a senso unico di marcia;Bagnato (pioggia);Asfaltata;Verticale ed orizzontale;Vento forte;Normale;Buona;Ore Diurne;1;0;0;1;12,47885;41,88786;-1;1;Motociclo a solo;In marcia / fermata / arresto;Conducente;M;Rifiuta cure immediate;0;NON DECEDUTO;Utilizzato;
2716773;23;29/02/2016 11:30;Strada Urbana;LUNGOTEVERE RIPA;da specificare;;;;via Ripense;Scontro laterale fra veicoli in marcia;Rettilineo;Una carreggiata a senso unico di marcia;Bagnato (pioggia);Asfaltata;Verticale ed orizzontale;Vento forte;Normale;Buona;Ore Diurne;1;0;0;1;12,47885;41,88786;-1;2;Autovettura privata;In marcia / fermata / arresto;Conducente;F;Illeso;0;;Non accertato;Inesploso
2716780;23;29/02/2016 21:50;Strada Urbana;VIALE DEI ROMAGNOLI;da specificare;;;;presso via dei monti di san paolo;Veicolo in marcia contro ostacolo accidentale;Pendenza;Una carreggiata a senso unico di marcia;Bagnato (pioggia);Asfaltata;Assente;Pioggia in atto;Scarso;Insufficiente;Insufficiente;0;0;0;2;12,32203;41,76901;-1;1;Autovettura privata;In marcia / fermata / arresto;Conducente;M;Illeso;0;;Utilizzato;Inesploso
2716780;23;29/02/2016 21:50;Strada Urbana;VIALE DEI ROMAGNOLI;da specificare;;;;presso via dei monti di san paolo;Veicolo in marcia contro ostacolo accidentale;Pendenza;Una carreggiata a senso unico di marcia;Bagnato (pioggia);Asfaltata;Assente;Pioggia in atto;Scarso;Insufficiente;Insufficiente;0;0;0;2;12,32203;41,76901;-1;1;Autovettura privata;In marcia / fermata / arresto;Passeggero;M;Illeso;0;;Non accertato;Inesploso
2716785;23;29/02/2016 20:00;Strada Urbana;VIALE DEI ROMAGNOLI;da specificare;;;;via monti di san paolo;Veicolo in marcia contro ostacolo accidentale;Pendenza;Una carreggiata a senso unico di marcia;Bagnato (pioggia);Asfaltata;Assente;Pioggia in atto;Scarso;Insufficiente;Insufficiente;0;0;0;1;12,36057;41,78426;-1;1;Autovettura privata;In marcia / fermata / arresto;Conducente;M;Illeso;0;;Utilizzato;Inesploso
2716807;1;29/02/2016 19:00;Strada Urbana;VIA QUATTRO NOVEMBRE;in corrispondenza;;del civico n.;154;;Investimento di pedone;Rettilineo;Una carreggiata a doppio senso;Bagnato (pioggia);Acciotolata;Verticale ed orizzontale;Pioggia in atto;Intenso;Sufficiente;Sufficiente;1;0;0;2;12,48597;41,89627;-1;;;;Pedone;M;Rimandato;0;NON DECEDUTO;;
2716807;1;29/02/2016 19:00;Strada Urbana;VIA QUATTRO NOVEMBRE;in corrispondenza;;del civico n.;154;;Investimento di pedone;Rettilineo;Una carreggiata a doppio senso;Bagnato (pioggia);Acciotolata;Verticale ed orizzontale;Pioggia in atto;Intenso;Sufficiente;Sufficiente;1;0;0;2;12,48597;41,89627;-1;1;Autovettura privata;In marcia / fermata / arresto;Conducente;M;Illeso;0;;Non accertato;
2716807;1;29/02/2016 19:00;Strada Urbana;VIA QUATTRO NOVEMBRE;in corrispondenza;;del civico n.;154;;Investimento di pedone;Rettilineo;Una carreggiata a doppio senso;Bagnato (pioggia);Acciotolata;Verticale ed orizzontale;Pioggia in atto;Intenso;Sufficiente;Sufficiente;1;0;0;2;12,48597;41,89627;-1;1;Autovettura privata;In marcia / fermata / arresto;Passeggero;F;Illeso;0;;Non accertato;
2716894;1;29/02/2016 22:40;Strada Urbana;VIA DEL TEATRO DI MARCELLO;da specificare;;;;IN PROSSIMITA' VICO JUGARIO;Veicolo in marcia contro ostacolo fisso;Rettilineo;Una carreggiata a doppio senso;Bagnato (pioggia);In cubetti di porfido;Verticale ed orizzontale;Pioggia in atto;Scarso;Sufficiente;Sufficiente;0;0;0;1;12,48062;41,89092;-1;1;Autobus urbano;In marcia / fermata / arresto;Conducente;M;Illeso;0;;Non accertato;
2716993;16;29/02/2016 15:30;Strada Urbana;VICOLO DEL CASALE LUMBROSO;in prossimità;;del civico n.;129;;Scontro frontale/laterale DX fra veicoli in marcia;Rettilineo;Una carreggiata a doppio senso;Bagnato (pioggia);Asfaltata;Verticale ed orizzontale;Pioggia in atto;Normale;Buona;Ore Diurne;1;0;0;1;12,37183;41,86708;-1;1;Autovettura privata;In marcia / fermata / arresto;Conducente;F;Illeso;0;;Non accertato;Inesploso
2716993;16;29/02/2016 15:30;Strada Urbana;VICOLO DEL CASALE LUMBROSO;in prossimità;;del civico n.;129;;Scontro frontale/laterale DX fra veicoli in marcia;Rettilineo;Una carreggiata a doppio senso;Bagnato (pioggia);Asfaltata;Verticale ed orizzontale;Pioggia in atto;Normale;Buona;Ore Diurne;1;0;0;1;12,37183;41,86708;-1;2;Autovettura privata;In marcia / fermata / arresto;Conducente;F;Rimandato;0;NON DECEDUTO;Non accertato;
2717730;1;26/02/2016 20:20;Strada Urbana;CORSO VITTORIO EMANUELE II;all'intersezione con;VICOLO SFORZA CESARINI;VICOLO SFORZA CESARINI;;;Investimento di pedone;Incrocio;Una carreggiata a doppio senso;Asciutto;Asfaltata;Verticale ed orizzontale;Sereno;Normale;Buona;Sufficiente;0;0;0;2;12,47144;41,89721;-1;;;;Pedone;M;Illeso;0;;;
2717730;1;26/02/2016 20:20;Strada Urbana;CORSO VITTORIO EMANUELE II;all'intersezione con;VICOLO SFORZA CESARINI;VICOLO SFORZA CESARINI;;;Investimento di pedone;Incrocio;Una carreggiata a doppio senso;Asciutto;Asfaltata;Verticale ed orizzontale;Sereno;Normale;Buona;Sufficiente;0;0;0;2;12,47144;41,89721;-1;1;Autovettura privata;In marcia / fermata / arresto;Conducente;M;Illeso;0;;Non accertato;Inesploso
2717918;18;26/02/2016 19:50;Strada Urbana;VIA LUCIO II;da specificare;;;;all'interno dell'area di parcheggio;Veicolo in marcia contro veicolo in sosta;Rettilineo;Una carreggiata a doppio senso;Asciutto;Asfaltata;Verticale ed orizzontale;Sereno;Scarso;Buona;Sufficiente;0;0;0;1;12,41837;41,90724;-1;1;Autovettura privata;In marcia / fermata / arresto;Conducente;F;Illeso;0;;;
2717929;18;29/02/2016 21:00;Strada Urbana;VIA DI TORREVECCHIA;da specificare;;;;FRONTE 865;Veicolo in marcia contro veicolo in sosta;Curva a visuale libera;Due carreggiate;Asciutto;Asfaltata;Verticale ed orizzontale;Sereno;Normale;Buona;Ore Diurne;0;0;0;1;12,4123;41,92339;-1;1;Autovettura privata;In marcia / fermata / arresto;Conducente;F;Illeso;0;;Non accertato;Inesploso
2719045;3;29/02/2016 18:30;Strada Urbana;VIA DELLE QUATTRO FONTANE;da specificare;;;;in pross.tà Via XX Settembre;Scontro laterale fra veicoli in marcia;Rettilineo;Una carreggiata a senso unico di marcia;Bagnato (pioggia);In cubetti di porfido;Verticale ed orizzontale;Pioggia in atto;Intenso;Sufficiente;Sufficiente;0;0;0;5;12,49073;41,90198;-1;1;Autovettura di polizia;In marcia / fermata / arresto;Conducente;M;Illeso;0;;Non accertato;Inesploso
2719045;3;29/02/2016 18:30;Strada Urbana;VIA DELLE QUATTRO FONTANE;da specificare;;;;in pross.tà Via XX Settembre;Scontro laterale fra veicoli in marcia;Rettilineo;Una carreggiata a senso unico di marcia;Bagnato (pioggia);In cubetti di porfido;Verticale ed orizzontale;Pioggia in atto;Intenso;Sufficiente;Sufficiente;0;0;0;5;12,49073;41,90198;-1;1;Autovettura di polizia;In marcia / fermata / arresto;Passeggero;F;Illeso;0;;Non accertato;Inesploso
2719045;3;29/02/2016 18:30;Strada Urbana;VIA DELLE QUATTRO FONTANE;da specificare;;;;in pross.tà Via XX Settembre;Scontro laterale fra veicoli in marcia;Rettilineo;Una carreggiata a senso unico di marcia;Bagnato (pioggia);In cubetti di porfido;Verticale ed orizzontale;Pioggia in atto;Intenso;Sufficiente;Sufficiente;0;0;0;5;12,49073;41,90198;-1;1;Autovettura di polizia;In marcia / fermata / arresto;Passeggero;M;Illeso;0;;Non accertato;Inesploso
2719045;3;29/02/2016 18:30;Strada Urbana;VIA DELLE QUATTRO FONTANE;da specificare;;;;in pross.tà Via XX Settembre;Scontro laterale fra veicoli in marcia;Rettilineo;Una carreggiata a senso unico di marcia;Bagnato (pioggia);In cubetti di porfido;Verticale ed orizzontale;Pioggia in atto;Intenso;Sufficiente;Sufficiente;0;0;0;5;12,49073;41,90198;-1;1;Autovettura di polizia;In marcia / fermata / arresto;Passeggero;M;Illeso;0;;Non accertato;Inesploso
2719045;3;29/02/2016 18:30;Strada Urbana;VIA DELLE QUATTRO FONTANE;da specificare;;;;in pross.tà Via XX Settembre;Scontro laterale fra veicoli in marcia;Rettilineo;Una carreggiata a senso unico di marcia;Bagnato (pioggia);In cubetti di porfido;Verticale ed orizzontale;Pioggia in atto;Intenso;Sufficiente;Sufficiente;0;0;0;5;12,49073;41,90198;-1;2;Autovettura privata;In marcia / fermata / arresto;Conducente;M;Illeso;0;;Non accertato;Inesploso
2720577;18;28/02/2016 18:10;Statale entro l'abitato;VIA AURELIA;all'intersezione con;VIA DI S. MARIA MEDIATRICE;VIA DI S. MARIA MEDIATRICE;;;Ribaltamento senza urto contro ostacolo fisso;Intersezione stradale segnalata;Due carreggiate;Bagnato (pioggia);Asfaltata;Verticale ed orizzontale;Pioggia in atto;Scarso;Sufficiente;Sufficiente;1;0;0;0;12,44425;41,89998;-1;1;Motociclo a solo;In marcia / fermata / arresto;Conducente;M;Rifiuta cure immediate;0;NON DECEDUTO;Non accertato;
2721255;18;29/02/2016 08:00;Strada Urbana;VIA DI BOCCEA;all'intersezione semaforizzata con;VIA DI S. GEMMA;VIA DI S. GEMMA;;;Scontro laterale fra veicoli in marcia;Intersezione semaforizzata;Una carreggiata a doppio senso;Bagnato (umidità in atto);Asfaltata;Verticale ed orizzontale;Nuvoloso;Normale;Buona;Ore Diurne;0;0;0;2;12,36755;41,92339;-1;1;Autovettura privata;In marcia / fermata / arresto;Conducente;F;Illeso;0;;Non accertato;Inesploso
2721255;18;29/02/2016 08:00;Strada Urbana;VIA DI BOCCEA;all'intersezione semaforizzata con;VIA DI S. GEMMA;VIA DI S. GEMMA;;;Scontro laterale fra veicoli in marcia;Intersezione semaforizzata;Una carreggiata a doppio senso;Bagnato (umidità in atto);Asfaltata;Verticale ed orizzontale;Nuvoloso;Normale;Buona;Ore Diurne;0;0;0;2;12,36755;41,92339;-1;2;Motociclo a solo;In marcia / fermata / arresto;Conducente;M;Illeso;0;;Non accertato;
2722053;18;28/02/2016 14:20;Strada Urbana;VIA BALDO DEGLI UBALDI;in corrispondenza;;del civico n.;190;;Scontro frontale/laterale DX fra veicoli in marcia;Rettilineo;Una carreggiata a senso unico di marcia;Bagnato (pioggia);Asfaltata;Verticale ed orizzontale;Pioggia in atto;Normale;Buona;Ore Diurne;1;0;0;1;12,43641;41,89959;-1;1;Autovettura privata;In marcia / fermata / arresto;Conducente;M;Illeso;0;;Non accertato;Inesploso
2722053;18;28/02/2016 14:20;Strada Urbana;VIA BALDO DEGLI UBALDI;in corrispondenza;;del civico n.;190;;Scontro frontale/laterale DX fra veicoli in marcia;Rettilineo;Una carreggiata a senso unico di marcia;Bagnato (pioggia);Asfaltata;Verticale ed orizzontale;Pioggia in atto;Normale;Buona;Ore Diurne;1;0;0;1;12,43641;41,89959;-1;2;Motociclo a solo;In marcia / fermata / arresto;Conducente;M;Ricoverato;0;NON DECEDUTO;Non accertato;
2723815;18;28/02/2016 20:50;Strada Urbana;VIA MARTINO V;all'intersezione con;VIA DEL FORTE BOCCEA;VIA DEL FORTE BOCCEA;;;Scontro frontale/laterale SX fra veicoli in marcia;Intersezione stradale segnalata;Una carreggiata a senso unico di marcia;Bagnato (pioggia);Asfaltata;Verticale ed orizzontale;Nuvoloso;Scarso;Buona;Sufficiente;0;0;0;1;12,42117;41,90574;-1;2;Autovettura privata;In marcia / fermata / arresto;Conducente;M;Illeso;0;;Non accertato;Inesploso
2723978;9;25/02/2016 20:30;Strada Urbana;VIA ALESSANDRO LUZIO;all'intersezione con;VIA LATINA;VIA LATINA;;;Tamponamento;Incrocio;Una carreggiata a senso unico di marcia;Bagnato (pioggia);Asfaltata;Verticale ed orizzontale;Pioggia in atto;Intenso;Sufficiente;Sufficiente;1;0;0;1;12,51954;41,8691;-1;1;Autovettura privata;In marcia / fermata / arresto;Conducente;M;Rimandato;0;NON DECEDUTO;;
2723978;9;25/02/2016 20:30;Strada Urbana;VIA ALESSANDRO LUZIO;all'intersezione con;VIA LATINA;VIA LATINA;;;Tamponamento;Incrocio;Una carreggiata a senso unico di marcia;Bagnato (pioggia);Asfaltata;Verticale ed orizzontale;Pioggia in atto;Intenso;Sufficiente;Sufficiente;1;0;0;1;12,51954;41,8691;-1;2;Autovettura privata;In marcia / fermata / arresto;Conducente;M;Illeso;0;;Utilizzato;
2724422;1;29/02/2016 11:00;Strada Urbana;PIAZZA DELLA ROVERE;all'intersezione semaforizzata con;PONTE PRINCIPE AMEDEO SAVOIA AOSTA;PONTE PRINCIPE AMEDEO SAVOIA AOSTA;;;Veicolo in marcia contro ostacolo accidentale;Incrocio;Una carreggiata a senso unico di marcia;Bagnato (pioggia);Asfaltata;Verticale ed orizzontale;Pioggia in atto;Intenso;Buona;Ore Diurne;0;0;0;1;12,46266;41,89911;-1;1;Autovettura pubblica;In marcia / fermata / arresto;Conducente;M;Illeso;0;;Non accertato;Inesploso
2724748;18;22/02/2016 16:15;Strada Urbana;VIA DI CASAL DEL MARMO;da specificare;;;;650;Veicolo in marcia contro veicolo fermo;Rettilineo;Una carreggiata a doppio senso;Asciutto;Asfaltata;Orizzontale;Sereno;Normale;Buona;Ore Diurne;0;0;0;5;12,38894;41,9421;-1;1;Autovettura privata;In marcia / fermata / arresto;Conducente;M;Illeso;0;;Non accertato;Inesploso
2724748;18;22/02/2016 16:15;Strada Urbana;VIA DI CASAL DEL MARMO;da specificare;;;;650;Veicolo in marcia contro veicolo fermo;Rettilineo;Una carreggiata a doppio senso;Asciutto;Asfaltata;Orizzontale;Sereno;Normale;Buona;Ore Diurne;0;0;0;5;12,38894;41,9421;-1;1;Autovettura privata;In marcia / fermata / arresto;Passeggero;M;Illeso;0;;;
2724748;18;22/02/2016 16:15;Strada Urbana;VIA DI CASAL DEL MARMO;da specificare;;;;650;Veicolo in marcia contro veicolo fermo;Rettilineo;Una carreggiata a doppio senso;Asciutto;Asfaltata;Orizzontale;Sereno;Normale;Buona;Ore Diurne;0;0;0;5;12,38894;41,9421;-1;1;Autovettura privata;In marcia / fermata / arresto;Passeggero;M;Illeso;0;;Non accertato;Inesploso
2724748;18;22/02/2016 16:15;Strada Urbana;VIA DI CASAL DEL MARMO;da specificare;;;;650;Veicolo in marcia contro veicolo fermo;Rettilineo;Una carreggiata a doppio senso;Asciutto;Asfaltata;Orizzontale;Sereno;Normale;Buona;Ore Diurne;0;0;0;5;12,38894;41,9421;-1;2;Autovettura di polizia;In marcia / fermata / arresto;Conducente;M;Illeso;0;;Non accertato;Inesploso
2724748;18;22/02/2016 16:15;Strada Urbana;VIA DI CASAL DEL MARMO;da specificare;;;;650;Veicolo in marcia contro veicolo fermo;Rettilineo;Una carreggiata a doppio senso;Asciutto;Asfaltata;Orizzontale;Sereno;Normale;Buona;Ore Diurne;0;0;0;5;12,38894;41,9421;-1;2;Autovettura di polizia;In marcia / fermata / arresto;Passeggero;M;Illeso;0;;Non accertato;Inesploso
2726303;2;20/02/2016 22:30;Strada Urbana;VIALE PARIOLI;da specificare;;;;prossimità Via Stoppani;Veicolo in marcia contro ostacolo accidentale;Rettilineo;Una carreggiata a doppio senso;Asciutto;Asfaltata;Verticale ed orizzontale;Sereno;Normale;Sufficiente;Sufficiente;1;0;0;1;12,48787;41,92567;-1;1;Ciclomotore con passeggero;In marcia / fermata / arresto;Conducente;M;Rimandato;0;NON DECEDUTO;Non accertato;
2726303;2;20/02/2016 22:30;Strada Urbana;VIALE PARIOLI;da specificare;;;;prossimità Via Stoppani;Veicolo in marcia contro ostacolo accidentale;Rettilineo;Una carreggiata a doppio senso;Asciutto;Asfaltata;Verticale ed orizzontale;Sereno;Normale;Sufficiente;Sufficiente;1;0;0;1;12,48787;41,92567;-1;1;Ciclomotore con passeggero;In marcia / fermata / arresto;Passeggero;M;Illeso;0;;Non accertato;
2727955;16;28/02/2016 19:50;Strada Urbana;VIA DEGLI ANTAMORO;da specificare;;;;fronte civico 57;Veicolo in marcia contro ostacolo fisso;Rettilineo;Una carreggiata a doppio senso;Bagnato (pioggia);Asfaltata;Verticale;Vento forte;Scarso;Sufficiente;Sufficiente;0;0;0;2;12,41233;41,87554;-1;1;Autovettura privata;In marcia / fermata / arresto;Conducente;M;Illeso;0;;Non accertato;
2727955;16;28/02/2016 19:50;Strada Urbana;VIA DEGLI ANTAMORO;da specificare;;;;fronte civico 57;Veicolo in marcia contro ostacolo fisso;Rettilineo;Una carreggiata a doppio senso;Bagnato (pioggia);Asfaltata;Verticale;Vento forte;Scarso;Sufficiente;Sufficiente;0;0;0;2;12,41233;41,87554;-1;1;Autovettura privata;In marcia / fermata / arresto;Passeggero;F;Illeso;0;;Non accertato;
2860636;9;08/02/2016 10:20;Strada Urbana;PIAZZALE APPIO;da specificare;;;;prossimita' VIA APPIA NUOVA;Scontro laterale fra veicoli in marcia;Rettilineo;Due carreggiate;Asciutto;Asfaltata;Verticale ed orizzontale;Sereno;Normale;Buona;Ore Diurne;1;0;0;1;12,50976;41,88527;-1;1;Autocarro inferiore 35 q.;In marcia / fermata / arresto;Conducente;M;Illeso;0;;Non accertato;Inesploso
2860636;9;08/02/2016 10:20;Strada Urbana;PIAZZALE APPIO;da specificare;;;;prossimita' VIA APPIA NUOVA;Scontro laterale fra veicoli in marcia;Rettilineo;Due carreggiate;Asciutto;Asfaltata;Verticale ed orizzontale;Sereno;Normale;Buona;Ore Diurne;1;0;0;1;12,50976;41,88527;-1;2;Motociclo a solo;In marcia / fermata / arresto;Conducente;M;Rimandato;0;NON DECEDUTO;Non accertato;